"","t2a","nvec1","nvec2","nvec3","nvec4","mag.vec1","mag.vec2","mag.vec3","mag.vec4","","","","","","","","","","","","","","","","","",""
"1",1977,0,0,0,0,3,3,3,3,0,0,0,0,0,0,0,0,0,0,0,0,0,0,0,0,22.5,127.5
"2",1977.03846153846,0,2,0,0,0,5.45,0,0,5.365,44.5,44.5,1.325,15.5,258,-6.685,36,242,101,36,28,247.5,59,-19,68.5,22.5,127.5
"3",1977.07692307692,0,0,0,0,3,3,3,3,0,0,0,0,0,0,0,0,0,0,0,0,0,0,0,0,22.5,127.5
"4",1977.11538461538,0,0,0,0,3,3,3,3,0,0,0,0,0,0,0,0,0,0,0,0,0,0,0,0,22.5,127.5
"5",1977.15384615385,0,0,0,0,3,3,3,3,0,0,0,0,0,0,0,0,0,0,0,0,0,0,0,0,22.5,127.5
"6",1977.19230769231,0,0,0,0,3,3,3,3,0,0,0,0,0,0,0,0,0,0,0,0,0,0,0,0,22.5,127.5
"7",1977.23076923077,2,0,0,0,6.65,0,0,0,5.465,70,257.5,-0.28,5,181.5,-5.19,19,92.5,191.5,26.5,101,179,64.5,84.5,81.5,22.5,127.5
"8",1977.26923076923,0,0,0,0,3,3,3,3,0,0,0,0,0,0,0,0,0,0,0,0,0,0,0,0,22.5,127.5
"9",1977.30769230769,0,0,0,0,3,3,3,3,0,0,0,0,0,0,0,0,0,0,0,0,0,0,0,0,22.5,127.5
"10",1977.34615384615,0,0,0,0,3,3,3,3,0,0,0,0,0,0,0,0,0,0,0,0,0,0,0,0,22.5,127.5
"11",1977.38461538462,1,2,0,0,5.8,5.8,0,0,3.44,17,218.333333333333,-0.33,41.3333333333333,78.3333333333333,-3.11333333333333,40.3333333333333,251,313.333333333333,50.6666666666667,33,184,70.6666666666667,-74.3333333333333,78.3333333333333,22.5,127.5
"12",1977.42307692308,0,0,0,0,3,3,3,3,0,0,0,0,0,0,0,0,0,0,0,0,0,0,0,0,22.5,127.5
"13",1977.46153846154,0,0,0,0,3,3,3,3,0,0,0,0,0,0,0,0,0,0,0,0,0,0,0,0,22.5,127.5
"14",1977.5,0,0,0,0,3,3,3,3,0,0,0,0,0,0,0,0,0,0,0,0,0,0,0,0,22.5,127.5
"15",1977.53846153846,1,0,0,0,5.8,0,0,0,6.66,51,329,0.3,8,68,-6.96,38,164,300,10,142,67,84,82,91,22.5,127.5
"16",1977.57692307692,1,0,0,0,6.8,0,0,0,2.42,69,290,-0.19,6,185,-2.23,20,93,174,26,77,8,65,96,84,22.5,127.5
"17",1977.61538461538,0,0,0,0,3,3,3,3,0,0,0,0,0,0,0,0,0,0,0,0,0,0,0,0,22.5,127.5
"18",1977.65384615385,0,0,0,0,3,3,3,3,0,0,0,0,0,0,0,0,0,0,0,0,0,0,0,0,22.5,127.5
"19",1977.69230769231,0,1,0,0,0,5.5,0,0,1.96,13,48,1.29,58,159,-3.25,29,311,93,60,-167,357,79,-31,21,22.5,127.5
"20",1977.73076923077,0,0,0,0,3,3,3,3,0,0,0,0,0,0,0,0,0,0,0,0,0,0,0,0,22.5,127.5
"21",1977.76923076923,0,0,0,0,3,3,3,3,0,0,0,0,0,0,0,0,0,0,0,0,0,0,0,0,22.5,127.5
"22",1977.80769230769,1,0,0,0,5.5,0,0,0,2.63,10,275,-0.39,17,8,-2.24,70,157,345,38,-119,200,57,-69,70,22.5,127.5
"23",1977.84615384615,0,0,0,0,3,3,3,3,0,0,0,0,0,0,0,0,0,0,0,0,0,0,0,0,22.5,127.5
"24",1977.88461538462,0,0,0,0,3,3,3,3,0,0,0,0,0,0,0,0,0,0,0,0,0,0,0,0,22.5,127.5
"25",1977.92307692308,0,0,0,0,3,3,3,3,0,0,0,0,0,0,0,0,0,0,0,0,0,0,0,0,22.5,127.5
"26",1977.96153846154,0,0,0,0,3,3,3,3,0,0,0,0,0,0,0,0,0,0,0,0,0,0,0,0,22.5,127.5
"27",1978,1,0,0,0,6,0,0,0,1.11,16,337,0,18,242,-1.11,65,107,92,33,-55,233,64,-110,100,22.5,127.5
"28",1978.03846153846,0,1,0,0,0,6.1,0,0,1.97,8,55,-0.29,72,170,-1.68,16,323,100,72,-174,8,84,-18,71,22.5,127.5
"29",1978.07692307692,0,0,0,0,3,3,3,3,0,0,0,0,0,0,0,0,0,0,0,0,0,0,0,0,22.5,127.5
"30",1978.11538461538,1,0,0,0,6,0,0,0,1.4,48,334,0,0,244,-1.4,42,154,238,3,85,64,87,90,100,22.5,127.5
"31",1978.15384615385,0,1,0,0,0,5.8,0,0,6.08,61,106,0.92,17,229,-7,23,326,85,27,130,222,70,72,74,22.5,127.5
"32",1978.19230769231,0,0,0,0,3,3,3,3,0,0,0,0,0,0,0,0,0,0,0,0,0,0,0,0,22.5,127.5
"33",1978.23076923077,2,0,0,0,5.55,0,0,0,4.025,56,318,-0.105,16.5,120,-3.92,27,119.5,213.5,23.5,90.5,35,74.5,98.5,83.5,22.5,127.5
"34",1978.26923076923,0,0,0,0,3,3,3,3,0,0,0,0,0,0,0,0,0,0,0,0,0,0,0,0,22.5,127.5
"35",1978.30769230769,0,0,0,0,3,3,3,3,0,0,0,0,0,0,0,0,0,0,0,0,0,0,0,0,22.5,127.5
"36",1978.34615384615,0,1,0,0,0,5.9,0,0,9.21,6,24,-1.53,74,136,-7.68,15,292,69,75,-174,337,84,-15,67,22.5,127.5
"37",1978.38461538462,0,0,0,0,3,3,3,3,0,0,0,0,0,0,0,0,0,0,0,0,0,0,0,0,22.5,127.5
"38",1978.42307692308,0,1,0,0,0,5.6,0,0,3.05,65,129,-0.33,7,24,-2.72,24,291,7,22,71,207,69,97,78,22.5,127.5
"39",1978.46153846154,0,0,0,0,3,3,3,3,0,0,0,0,0,0,0,0,0,0,0,0,0,0,0,0,22.5,127.5
"40",1978.5,0,0,0,0,3,3,3,3,0,0,0,0,0,0,0,0,0,0,0,0,0,0,0,0,22.5,127.5
"41",1978.53846153846,0,0,0,0,3,3,3,3,0,0,0,0,0,0,0,0,0,0,0,0,0,0,0,0,22.5,127.5
"42",1978.57692307692,1,0,0,0,7.2,0,0,0,7.43,67,234,2.41,18,16,-9.84,13,110,224,36,123,5,61,69,51,22.5,127.5
"43",1978.61538461538,1,1,0,0,5.4,5.4,0,0,1.92,24,162,-0.275,15.5,151,-1.645,59,179.5,106.5,32,-47,156.5,67,17,58,22.5,127.5
"44",1978.65384615385,2,0,0,0,5.2,0,0,0,3.655,47.5,260.5,-0.395,6,246,-3.26,41,65.5,235,23.5,-13,69.5,67.5,6.5,80,22.5,127.5
"45",1978.69230769231,1,3,0,0,5.2,5.93333333333333,0,0,4.23,40.5,101.75,-1.04,18,230.75,-3.1925,42,166.5,128.75,29.75,33.25,140,69.75,47,71.25,22.5,127.5
"46",1978.73076923077,0,0,0,0,3,3,3,3,0,0,0,0,0,0,0,0,0,0,0,0,0,0,0,0,22.5,127.5
"47",1978.76923076923,0,0,0,0,3,3,3,3,0,0,0,0,0,0,0,0,0,0,0,0,0,0,0,0,22.5,127.5
"48",1978.80769230769,0,0,0,0,3,3,3,3,0,0,0,0,0,0,0,0,0,0,0,0,0,0,0,0,22.5,127.5
"49",1978.84615384615,0,0,0,0,3,3,3,3,0,0,0,0,0,0,0,0,0,0,0,0,0,0,0,0,22.5,127.5
"50",1978.88461538462,0,0,0,0,3,3,3,3,0,0,0,0,0,0,0,0,0,0,0,0,0,0,0,0,22.5,127.5
"51",1978.92307692308,0,0,0,0,3,3,3,3,0,0,0,0,0,0,0,0,0,0,0,0,0,0,0,0,22.5,127.5
"52",1978.96153846154,0,0,0,0,3,3,3,3,0,0,0,0,0,0,0,0,0,0,0,0,0,0,0,0,22.5,127.5
"53",1979,1,0,0,0,7,0,0,0,2.51,40,208,2.11,48,4,-4.62,12,108,239,53,158,343,72,39,9,22.5,127.5
"54",1979.03846153846,0,0,0,0,3,3,3,3,0,0,0,0,0,0,0,0,0,0,0,0,0,0,0,0,22.5,127.5
"55",1979.07692307692,0,0,0,0,3,3,3,3,0,0,0,0,0,0,0,0,0,0,0,0,0,0,0,0,22.5,127.5
"56",1979.11538461538,0,0,0,0,3,3,3,3,0,0,0,0,0,0,0,0,0,0,0,0,0,0,0,0,22.5,127.5
"57",1979.15384615385,0,0,0,0,3,3,3,3,0,0,0,0,0,0,0,0,0,0,0,0,0,0,0,0,22.5,127.5
"58",1979.19230769231,0,0,0,0,3,3,3,3,0,0,0,0,0,0,0,0,0,0,0,0,0,0,0,0,22.5,127.5
"59",1979.23076923077,0,1,0,0,0,5.6,0,0,3.5,61,131,-0.13,10,24,-3.37,27,289,356,20,61,207,73,100,93,22.5,127.5
"60",1979.26923076923,1,0,0,0,5.4,0,0,0,2.08,5,348,-0.43,76,236,-1.65,13,79,123,77,-6,214,84,-167,59,22.5,127.5
"61",1979.30769230769,0,0,0,0,3,3,3,3,0,0,0,0,0,0,0,0,0,0,0,0,0,0,0,0,22.5,127.5
"62",1979.34615384615,0,0,0,0,3,3,3,3,0,0,0,0,0,0,0,0,0,0,0,0,0,0,0,0,22.5,127.5
"63",1979.38461538462,0,0,0,0,3,3,3,3,0,0,0,0,0,0,0,0,0,0,0,0,0,0,0,0,22.5,127.5
"64",1979.42307692308,0,0,0,0,3,3,3,3,0,0,0,0,0,0,0,0,0,0,0,0,0,0,0,0,22.5,127.5
"65",1979.46153846154,0,0,0,0,3,3,3,3,0,0,0,0,0,0,0,0,0,0,0,0,0,0,0,0,22.5,127.5
"66",1979.5,0,0,0,0,3,3,3,3,0,0,0,0,0,0,0,0,0,0,0,0,0,0,0,0,22.5,127.5
"67",1979.53846153846,0,0,0,0,3,3,3,3,0,0,0,0,0,0,0,0,0,0,0,0,0,0,0,0,22.5,127.5
"68",1979.57692307692,0,0,0,0,3,3,3,3,0,0,0,0,0,0,0,0,0,0,0,0,0,0,0,0,22.5,127.5
"69",1979.61538461538,0,0,0,0,3,3,3,3,0,0,0,0,0,0,0,0,0,0,0,0,0,0,0,0,22.5,127.5
"70",1979.65384615385,0,1,0,0,0,6.7,0,0,1.33,10,34,-0.06,73,271,-1.27,14,126,169,73,-4,260,87,-163,91,22.5,127.5
"71",1979.69230769231,0,0,0,0,3,3,3,3,0,0,0,0,0,0,0,0,0,0,0,0,0,0,0,0,22.5,127.5
"72",1979.73076923077,0,0,0,0,3,3,3,3,0,0,0,0,0,0,0,0,0,0,0,0,0,0,0,0,22.5,127.5
"73",1979.76923076923,0,0,0,0,3,3,3,3,0,0,0,0,0,0,0,0,0,0,0,0,0,0,0,0,22.5,127.5
"74",1979.80769230769,0,0,0,0,3,3,3,3,0,0,0,0,0,0,0,0,0,0,0,0,0,0,0,0,22.5,127.5
"75",1979.84615384615,0,0,0,0,3,3,3,3,0,0,0,0,0,0,0,0,0,0,0,0,0,0,0,0,22.5,127.5
"76",1979.88461538462,0,0,0,0,3,3,3,3,0,0,0,0,0,0,0,0,0,0,0,0,0,0,0,0,22.5,127.5
"77",1979.92307692308,0,1,0,0,0,5.9,0,0,8.68,69,188,-1.28,21,21,-7.4,4,290,359,45,60,218,53,117,71,22.5,127.5
"78",1979.96153846154,0,0,0,0,3,3,3,3,0,0,0,0,0,0,0,0,0,0,0,0,0,0,0,0,22.5,127.5
"79",1980,0,1,0,0,0,5.5,0,0,2.16,38,134,1.02,7,230,-3.17,51,328,184,9,-136,50,83,-83,36,22.5,127.5
"80",1980.03846153846,0,0,0,0,3,3,3,3,0,0,0,0,0,0,0,0,0,0,0,0,0,0,0,0,22.5,127.5
"81",1980.07692307692,0,0,0,0,3,3,3,3,0,0,0,0,0,0,0,0,0,0,0,0,0,0,0,0,22.5,127.5
"82",1980.11538461538,0,0,0,0,3,3,3,3,0,0,0,0,0,0,0,0,0,0,0,0,0,0,0,0,22.5,127.5
"83",1980.15384615385,1,0,0,0,5.3,0,0,0,1.1,55,326,0.11,21,203,-1.21,27,101,151,26,35,29,75,112,82,22.5,127.5
"84",1980.19230769231,2,0,0,0,5.8,0,0,0,2.34,14,319,-0.035,63,197,-2.305,22,55,95,64,-6,188,85,-154,91,22.5,127.5
"85",1980.23076923077,0,1,0,0,0,5.5,0,0,2.61,70,187,-0.2,19,20,-2.41,4,288,359,44,62,216,52,115,85,22.5,127.5
"86",1980.26923076923,2,0,0,0,5.9,0,0,0,3.2,63,286,-0.265,12,124,-2.94,22.5,124.5,218,25,96,30,69,83,85.5,22.5,127.5
"87",1980.30769230769,0,0,0,0,3,3,3,3,0,0,0,0,0,0,0,0,0,0,0,0,0,0,0,0,22.5,127.5
"88",1980.34615384615,0,0,0,0,3,3,3,3,0,0,0,0,0,0,0,0,0,0,0,0,0,0,0,0,22.5,127.5
"89",1980.38461538462,0,0,0,0,3,3,3,3,0,0,0,0,0,0,0,0,0,0,0,0,0,0,0,0,22.5,127.5
"90",1980.42307692308,0,0,0,0,3,3,3,3,0,0,0,0,0,0,0,0,0,0,0,0,0,0,0,0,22.5,127.5
"91",1980.46153846154,0,0,0,0,3,3,3,3,0,0,0,0,0,0,0,0,0,0,0,0,0,0,0,0,22.5,127.5
"92",1980.5,0,0,0,0,3,3,3,3,0,0,0,0,0,0,0,0,0,0,0,0,0,0,0,0,22.5,127.5
"93",1980.53846153846,1,0,0,0,5.5,0,0,0,2.55,64,300,0.16,5,40,-2.71,26,133,234,20,104,39,71,85,88,22.5,127.5
"94",1980.57692307692,0,0,0,0,3,3,3,3,0,0,0,0,0,0,0,0,0,0,0,0,0,0,0,0,22.5,127.5
"95",1980.61538461538,0,0,0,0,3,3,3,3,0,0,0,0,0,0,0,0,0,0,0,0,0,0,0,0,22.5,127.5
"96",1980.65384615385,0,0,0,0,3,3,3,3,0,0,0,0,0,0,0,0,0,0,0,0,0,0,0,0,22.5,127.5
"97",1980.69230769231,0,0,0,0,3,3,3,3,0,0,0,0,0,0,0,0,0,0,0,0,0,0,0,0,22.5,127.5
"98",1980.73076923077,0,0,0,0,3,3,3,3,0,0,0,0,0,0,0,0,0,0,0,0,0,0,0,0,22.5,127.5
"99",1980.76923076923,1,0,0,0,5.9,0,0,0,9.72,6,188,-0.06,81,324,-9.66,6,97,232,81,180,322,90,9,99,22.5,127.5
"100",1980.80769230769,1,0,0,0,5.5,0,0,0,2.1,47,283,0.28,12,26,-2.39,41,126,280,12,164,25,87,78,77,22.5,127.5
"101",1980.84615384615,0,0,0,0,3,3,3,3,0,0,0,0,0,0,0,0,0,0,0,0,0,0,0,0,22.5,127.5
"102",1980.88461538462,1,0,0,0,5.8,0,0,0,5.92,55,322,-0.21,12,70,-5.7,33,167,295,17,137,67,79,78,93,22.5,127.5
"103",1980.92307692308,0,0,0,0,3,3,3,3,0,0,0,0,0,0,0,0,0,0,0,0,0,0,0,0,22.5,127.5
"104",1980.96153846154,0,0,0,0,3,3,3,3,0,0,0,0,0,0,0,0,0,0,0,0,0,0,0,0,22.5,127.5
"105",1981,0,0,0,1,0,0,0,6.9,2.35,16,88,0.4,21,184,-2.75,63,323,150,34,-130,15,64,-67,71,22.5,127.5
"106",1981.03846153846,0,1,0,0,0,6,0,0,1.06,68,76,0.08,13,199,-1.14,18,294,43,30,116,193,64,76,86,22.5,127.5
"107",1981.07692307692,1,0,0,0,5.9,0,0,0,1.03,33,304,-0.11,38,185,-0.91,35,61,91,38,-3,183,88,-128,79,22.5,127.5
"108",1981.11538461538,2,0,0,0,5.6,0,0,0,2.83,37,239.5,0.42,36.5,166,-3.245,22.5,108.5,228,44.5,-34.5,84.5,76.5,32,78.5,22.5,127.5
"109",1981.15384615385,2,1,0,0,5.45,5.6,0,0,5.18333333333333,51,230.333333333333,-0.0766666666666667,10,246.333333333333,-5.11,36.6666666666667,143.666666666667,180.666666666667,26,24.6666666666667,126.666666666667,67,31.6666666666667,71.6666666666667,22.5,127.5
"110",1981.19230769231,0,1,0,0,0,6,0,0,1.49,71,177,-0.02,18,19,-1.47,7,287,357,41,62,213,54,112,97,22.5,127.5
"111",1981.23076923077,0,0,0,0,3,3,3,3,0,0,0,0,0,0,0,0,0,0,0,0,0,0,0,0,22.5,127.5
"112",1981.26923076923,0,0,0,0,3,3,3,3,0,0,0,0,0,0,0,0,0,0,0,0,0,0,0,0,22.5,127.5
"113",1981.30769230769,1,0,0,0,5.8,0,0,0,5.89,58,182,0.33,3,277,-6.22,32,9,111,13,104,277,77,87,89,22.5,127.5
"114",1981.34615384615,0,0,0,0,3,3,3,3,0,0,0,0,0,0,0,0,0,0,0,0,0,0,0,0,22.5,127.5
"115",1981.38461538462,0,0,0,0,3,3,3,3,0,0,0,0,0,0,0,0,0,0,0,0,0,0,0,0,22.5,127.5
"116",1981.42307692308,0,1,0,0,0,5.3,0,0,1.18,12,41,-0.01,66,160,-1.16,21,306,85,67,-174,353,84,-23,98,22.5,127.5
"117",1981.46153846154,0,0,0,0,3,3,3,3,0,0,0,0,0,0,0,0,0,0,0,0,0,0,0,0,22.5,127.5
"118",1981.5,0,1,0,0,0,5.2,0,0,9.86,85,16,-3.53,2,268,-6.33,5,178,266,40,87,89,50,92,28,22.5,127.5
"119",1981.53846153846,0,0,0,0,3,3,3,3,0,0,0,0,0,0,0,0,0,0,0,0,0,0,0,0,22.5,127.5
"120",1981.57692307692,0,0,0,0,3,3,3,3,0,0,0,0,0,0,0,0,0,0,0,0,0,0,0,0,22.5,127.5
"121",1981.61538461538,1,0,0,0,5.5,0,0,0,1.97,72,317,0,1,223,-1.96,18,133,221,27,87,44,63,91,100,22.5,127.5
"122",1981.65384615385,0,0,0,0,3,3,3,3,0,0,0,0,0,0,0,0,0,0,0,0,0,0,0,0,22.5,127.5
"123",1981.69230769231,0,0,0,0,3,3,3,3,0,0,0,0,0,0,0,0,0,0,0,0,0,0,0,0,22.5,127.5
"124",1981.73076923077,0,0,0,0,3,3,3,3,0,0,0,0,0,0,0,0,0,0,0,0,0,0,0,0,22.5,127.5
"125",1981.76923076923,0,0,0,0,3,3,3,3,0,0,0,0,0,0,0,0,0,0,0,0,0,0,0,0,22.5,127.5
"126",1981.80769230769,0,0,0,0,3,3,3,3,0,0,0,0,0,0,0,0,0,0,0,0,0,0,0,0,22.5,127.5
"127",1981.84615384615,1,0,0,0,5.2,0,0,0,7.56,26,327,0.15,14,64,-7.72,60,180,29,23,-128,249,72,-75,96,22.5,127.5
"128",1981.88461538462,1,0,0,0,5.2,0,0,0,7.62,32,278,-1.06,14,17,-6.55,54,128,328,19,-141,200,79,-75,72,22.5,127.5
"129",1981.92307692308,0,2,0,0,0,6.4,0,0,5.665,2.5,137.5,-0.605,16.5,138,-5.06,73,317.5,222,45,-98.5,232.5,50,-82.5,79.5,22.5,127.5
"130",1981.96153846154,1,1,0,0,6.4,6.5,0,0,5.335,12,169,-0.075,74.5,196.5,-5.265,7,170,79,77,83.5,170.5,83.5,-77,97,22.5,127.5
"131",1982,0,0,0,0,3,3,3,3,0,0,0,0,0,0,0,0,0,0,0,0,0,0,0,0,22.5,127.5
"132",1982.03846153846,0,1,0,0,0,5.3,0,0,1.07,56,0,-0.23,18,242,-0.84,28,142,195,23,40,67,75,108,57,22.5,127.5
"133",1982.07692307692,1,0,0,0,6,0,0,0,1.24,49,298,0.13,10,39,-1.37,39,137,280,11,152,38,85,80,81,22.5,127.5
"134",1982.11538461538,0,0,0,0,3,3,3,3,0,0,0,0,0,0,0,0,0,0,0,0,0,0,0,0,22.5,127.5
"135",1982.15384615385,0,0,0,0,3,3,3,3,0,0,0,0,0,0,0,0,0,0,0,0,0,0,0,0,22.5,127.5
"136",1982.19230769231,0,0,0,0,3,3,3,3,0,0,0,0,0,0,0,0,0,0,0,0,0,0,0,0,22.5,127.5
"137",1982.23076923077,0,0,0,0,3,3,3,3,0,0,0,0,0,0,0,0,0,0,0,0,0,0,0,0,22.5,127.5
"138",1982.26923076923,0,0,0,0,3,3,3,3,0,0,0,0,0,0,0,0,0,0,0,0,0,0,0,0,22.5,127.5
"139",1982.30769230769,0,4,0,0,0,5.75,0,0,3.45,8.25,86.5,0.4675,16,178.25,-3.915,70.75,323,160.25,40,-113.5,99.75,56,-70.75,78.5,22.5,127.5
"140",1982.34615384615,0,0,0,0,3,3,3,3,0,0,0,0,0,0,0,0,0,0,0,0,0,0,0,0,22.5,127.5
"141",1982.38461538462,0,0,0,0,3,3,3,3,0,0,0,0,0,0,0,0,0,0,0,0,0,0,0,0,22.5,127.5
"142",1982.42307692308,0,0,0,0,3,3,3,3,0,0,0,0,0,0,0,0,0,0,0,0,0,0,0,0,22.5,127.5
"143",1982.46153846154,0,0,0,0,3,3,3,3,0,0,0,0,0,0,0,0,0,0,0,0,0,0,0,0,22.5,127.5
"144",1982.5,0,0,0,0,3,3,3,3,0,0,0,0,0,0,0,0,0,0,0,0,0,0,0,0,22.5,127.5
"145",1982.53846153846,0,0,0,0,3,3,3,3,0,0,0,0,0,0,0,0,0,0,0,0,0,0,0,0,22.5,127.5
"146",1982.57692307692,0,0,0,0,3,3,3,3,0,0,0,0,0,0,0,0,0,0,0,0,0,0,0,0,22.5,127.5
"147",1982.61538461538,0,0,0,0,3,3,3,3,0,0,0,0,0,0,0,0,0,0,0,0,0,0,0,0,22.5,127.5
"148",1982.65384615385,0,0,0,0,3,3,3,3,0,0,0,0,0,0,0,0,0,0,0,0,0,0,0,0,22.5,127.5
"149",1982.69230769231,0,0,0,0,3,3,3,3,0,0,0,0,0,0,0,0,0,0,0,0,0,0,0,0,22.5,127.5
"150",1982.73076923077,0,0,0,0,3,3,3,3,0,0,0,0,0,0,0,0,0,0,0,0,0,0,0,0,22.5,127.5
"151",1982.76923076923,0,0,0,0,3,3,3,3,0,0,0,0,0,0,0,0,0,0,0,0,0,0,0,0,22.5,127.5
"152",1982.80769230769,1,0,0,0,5.9,0,0,0,8.82,66,349,-0.9,13,228,-7.92,20,133,201,27,60,54,66,104,80,22.5,127.5
"153",1982.84615384615,0,1,0,0,0,5.5,0,0,2.62,3,11,-0.19,76,115,-2.43,13,280,56,78,-173,325,83,-12,85,22.5,127.5
"154",1982.88461538462,0,0,0,0,3,3,3,3,0,0,0,0,0,0,0,0,0,0,0,0,0,0,0,0,22.5,127.5
"155",1982.92307692308,0,0,0,0,3,3,3,3,0,0,0,0,0,0,0,0,0,0,0,0,0,0,0,0,22.5,127.5
"156",1982.96153846154,0,2,0,0,0,6.45,0,0,6.07,56,30,-0.15,30.5,181.5,-5.915,12,279,40.5,43,137.5,165.5,64,55.5,94.5,22.5,127.5
"157",1983,0,3,0,0,0,5.8,0,0,1.43333333333333,53.6666666666667,146.666666666667,-0.116666666666667,31.3333333333333,125.666666666667,-1.31666666666667,12.6666666666667,266.666666666667,329,44.3333333333333,45.3333333333333,198.666666666667,67.6666666666667,123.333333333333,75.6666666666667,22.5,127.5
"158",1983.03846153846,0,0,0,0,3,3,3,3,0,0,0,0,0,0,0,0,0,0,0,0,0,0,0,0,22.5,127.5
"159",1983.07692307692,0,0,0,0,3,3,3,3,0,0,0,0,0,0,0,0,0,0,0,0,0,0,0,0,22.5,127.5
"160",1983.11538461538,1,0,0,0,5.4,0,0,0,1.4,24,330,0.01,8,64,-1.41,65,171,44,22,-112,247,69,-81,99,22.5,127.5
"161",1983.15384615385,0,0,0,0,3,3,3,3,0,0,0,0,0,0,0,0,0,0,0,0,0,0,0,0,22.5,127.5
"162",1983.19230769231,0,0,0,0,3,3,3,3,0,0,0,0,0,0,0,0,0,0,0,0,0,0,0,0,22.5,127.5
"163",1983.23076923077,0,0,0,0,3,3,3,3,0,0,0,0,0,0,0,0,0,0,0,0,0,0,0,0,22.5,127.5
"164",1983.26923076923,0,0,0,0,3,3,3,3,0,0,0,0,0,0,0,0,0,0,0,0,0,0,0,0,22.5,127.5
"165",1983.30769230769,0,0,0,0,3,3,3,3,0,0,0,0,0,0,0,0,0,0,0,0,0,0,0,0,22.5,127.5
"166",1983.34615384615,1,1,0,0,5.8,5.8,0,0,6.45,42.5,171.5,-0.65,16,246,-5.8,43.5,140,154.5,16,-1.5,156,89,-2,79.5,22.5,127.5
"167",1983.38461538462,0,1,0,0,0,5.7,0,0,4.76,5,67,-0.98,7,158,-3.78,81,298,150,40,-100,343,51,-81,59,22.5,127.5
"168",1983.42307692308,0,0,0,0,3,3,3,3,0,0,0,0,0,0,0,0,0,0,0,0,0,0,0,0,22.5,127.5
"169",1983.46153846154,0,0,0,0,3,3,3,3,0,0,0,0,0,0,0,0,0,0,0,0,0,0,0,0,22.5,127.5
"170",1983.5,3,4,2,0,6.23333333333333,5.875,5.8,0,4.77333333333333,41.8888888888889,168.111111111111,-0.163333333333333,16.7777777777778,176.666666666667,-4.60888888888889,38.7777777777778,144.777777777778,236.777777777778,29,9.11111111111111,118.222222222222,71.7777777777778,39.6666666666667,87.2222222222222,22.5,127.5
"171",1983.53846153846,0,0,0,0,3,3,3,3,0,0,0,0,0,0,0,0,0,0,0,0,0,0,0,0,22.5,127.5
"172",1983.57692307692,0,0,0,0,3,3,3,3,0,0,0,0,0,0,0,0,0,0,0,0,0,0,0,0,22.5,127.5
"173",1983.61538461538,3,1,0,0,5.9,5.8,0,0,5.56,28.75,271.25,-0.3025,20.25,166,-5.26,45.5,142.75,218.25,35.75,-34,115.75,67.5,-56,75,22.5,127.5
"174",1983.65384615385,0,1,0,0,0,6.6,0,0,0.7,21,98,0.36,28,199,-1.06,54,337,149,35,-146,30,71,-60,32,22.5,127.5
"175",1983.69230769231,2,0,0,0,5.55,0,0,0,2.835,59.5,335.5,-0.01,9.5,83,-2.82,29,178.5,298.5,19,126,80.5,74.5,80,90,22.5,127.5
"176",1983.73076923077,3,1,0,0,6.23333333333333,5.5,0,0,2.955,42,262.25,-0.09,27,106,-2.865,33,218.75,267,29,70.75,61.75,80.75,43.75,84,22.5,127.5
"177",1983.76923076923,1,1,0,0,5.1,5.5,0,0,3.595,70.5,201.5,-0.115,9.5,21.5,-3.48,17,198.5,279,30,77,112.5,62.5,94.5,89,22.5,127.5
"178",1983.80769230769,0,0,0,0,3,3,3,3,0,0,0,0,0,0,0,0,0,0,0,0,0,0,0,0,22.5,127.5
"179",1983.84615384615,0,0,0,0,3,3,3,3,0,0,0,0,0,0,0,0,0,0,0,0,0,0,0,0,22.5,127.5
"180",1983.88461538462,0,0,0,0,3,3,3,3,0,0,0,0,0,0,0,0,0,0,0,0,0,0,0,0,22.5,127.5
"181",1983.92307692308,0,0,0,0,3,3,3,3,0,0,0,0,0,0,0,0,0,0,0,0,0,0,0,0,22.5,127.5
"182",1983.96153846154,0,0,0,0,3,3,3,3,0,0,0,0,0,0,0,0,0,0,0,0,0,0,0,0,22.5,127.5
"183",1984,0,0,0,0,3,3,3,3,0,0,0,0,0,0,0,0,0,0,0,0,0,0,0,0,22.5,127.5
"184",1984.03846153846,1,0,0,0,5.2,0,0,0,8.66,57,342,-3.09,16,99,-5.57,28,198,324,22,138,94,75,73,29,22.5,127.5
"185",1984.07692307692,3,0,0,0,5.6,0,0,0,6.6,48.3333333333333,321.666666666667,0.743333333333333,22.3333333333333,123.666666666667,-7.34333333333333,27.6666666666667,165.333333333333,268.666666666667,29.3333333333333,115.333333333333,63.3333333333333,79.3333333333333,73,79.6666666666667,22.5,127.5
"186",1984.11538461538,0,0,1,0,0,0,5.5,0,1.72,29,196,1.25,6,290,-2.97,60,30,269,17,-111,111,75,-84,16,22.5,127.5
"187",1984.15384615385,0,0,0,0,3,3,3,3,0,0,0,0,0,0,0,0,0,0,0,0,0,0,0,0,22.5,127.5
"188",1984.19230769231,0,1,0,0,0,5.4,0,0,1.62,8,110,-0.13,1,200,-1.48,82,297,199,37,-92,21,53,-89,84,22.5,127.5
"189",1984.23076923077,1,0,0,0,5.3,0,0,0,1.16,5,298,-0.29,41,204,-0.87,49,34,64,53,-36,177,62,-137,50,22.5,127.5
"190",1984.26923076923,1,0,0,0,5.9,0,0,0,9.57,58,322,-1.55,12,72,-8.03,29,169,289,19,128,69,75,78,68,22.5,127.5
"191",1984.30769230769,1,0,0,0,5.2,0,0,0,8.89,9,347,-1.56,13,254,-7.33,74,110,92,38,-68,245,56,-106,65,22.5,127.5
"192",1984.34615384615,0,0,0,0,3,3,3,3,0,0,0,0,0,0,0,0,0,0,0,0,0,0,0,0,22.5,127.5
"193",1984.38461538462,0,0,0,0,3,3,3,3,0,0,0,0,0,0,0,0,0,0,0,0,0,0,0,0,22.5,127.5
"194",1984.42307692308,1,0,0,0,5.6,0,0,0,2.9,9,357,-0.03,6,88,-2.87,79,209,80,36,-100,272,55,-83,98,22.5,127.5
"195",1984.46153846154,0,0,0,0,3,3,3,3,0,0,0,0,0,0,0,0,0,0,0,0,0,0,0,0,22.5,127.5
"196",1984.5,0,0,0,0,3,3,3,3,0,0,0,0,0,0,0,0,0,0,0,0,0,0,0,0,22.5,127.5
"197",1984.53846153846,0,0,0,0,3,3,3,3,0,0,0,0,0,0,0,0,0,0,0,0,0,0,0,0,22.5,127.5
"198",1984.57692307692,2,0,0,0,5.85,0,0,0,7.735,37,298.5,-0.72,52,127,-7.015,5,122.5,213,61,91.5,209,69,82.5,81.5,22.5,127.5
"199",1984.61538461538,1,0,0,0,5.5,0,0,0,2.18,17,281,0.49,17,17,-2.66,66,150,347,32,-124,205,64,-71,63,22.5,127.5
"200",1984.65384615385,2,0,0,0,5.7,0,0,0,4.54,73,307.5,0.2,9,133,-4.74,14.5,131,214.5,32,81.5,43,60,92.5,91.5,22.5,127.5
"201",1984.69230769231,2,0,0,0,5.2,0,0,0,7.25,21.5,308.5,0.28,6,39.5,-7.53,65,158,31,24,-101,224,67,-82.5,92,22.5,127.5
"202",1984.73076923077,0,1,0,0,0,5.8,0,0,6.15,67,90,-0.1,12,210,-6.05,19,305,55,28,117,205,66,76,97,22.5,127.5
"203",1984.76923076923,1,0,0,0,5.5,0,0,0,2.08,53,328,0.18,6,230,-2.26,37,135,193,10,52,51,82,96,84,22.5,127.5
"204",1984.80769230769,0,0,0,0,3,3,3,3,0,0,0,0,0,0,0,0,0,0,0,0,0,0,0,0,22.5,127.5
"205",1984.84615384615,0,0,0,0,3,3,3,3,0,0,0,0,0,0,0,0,0,0,0,0,0,0,0,0,22.5,127.5
"206",1984.88461538462,0,1,0,0,0,5.5,0,0,2.22,17,192,-0.08,30,92,-2.14,55,307,318,39,-37,79,68,-123,93,22.5,127.5
"207",1984.92307692308,0,1,0,0,0,5.2,0,0,7.92,26,14,1.79,36,263,-9.71,43,131,153,38,-16,256,80,-127,63,22.5,127.5
"208",1984.96153846154,1,0,0,0,5.3,0,0,0,0.91,28,235,0.26,24,339,-1.17,51,102,280,27,-152,164,78,-66,56,22.5,127.5
"209",1985,0,1,0,0,0,5.6,0,0,3.2,39,35,-0.71,39,164,-2.48,28,279,62,39,170,159,84,51,56,22.5,127.5
"210",1985.03846153846,3,1,0,0,5.3,5.4,0,0,2.605,35.5,217,0.0575,36.25,198,-2.6625,27.5,148.25,89.5,44,34,231.5,71.25,-28.5,88.25,22.5,127.5
"211",1985.07692307692,0,0,0,0,3,3,3,3,0,0,0,0,0,0,0,0,0,0,0,0,0,0,0,0,22.5,127.5
"212",1985.11538461538,0,0,0,0,3,3,3,3,0,0,0,0,0,0,0,0,0,0,0,0,0,0,0,0,22.5,127.5
"213",1985.15384615385,2,1,0,0,6.05,5.6,0,0,1.97333333333333,44.3333333333333,203.666666666667,-0.0866666666666667,35,145,-1.88666666666667,16.6666666666667,189,185,44.3333333333333,134,78.6666666666667,75.3333333333333,56,85.3333333333333,22.5,127.5
"214",1985.19230769231,2,0,0,0,5.2,0,0,0,2.775,36,309,0.41,5.5,212,-3.19,53,109,115.5,28,-6.5,121.5,62.5,1,79,22.5,127.5
"215",1985.23076923077,0,0,0,0,3,3,3,3,0,0,0,0,0,0,0,0,0,0,0,0,0,0,0,0,22.5,127.5
"216",1985.26923076923,0,0,0,0,3,3,3,3,0,0,0,0,0,0,0,0,0,0,0,0,0,0,0,0,22.5,127.5
"217",1985.30769230769,0,0,0,0,3,3,3,3,0,0,0,0,0,0,0,0,0,0,0,0,0,0,0,0,22.5,127.5
"218",1985.34615384615,0,3,0,0,0,6.6,0,0,2.31666666666667,15.3333333333333,184.666666666667,-0.15,42,66.3333333333333,-2.16666666666667,40.6666666666667,289.666666666667,312,51.3333333333333,-25,124.333333333333,69,-28.6666666666667,86,22.5,127.5
"219",1985.38461538462,0,0,0,0,3,3,3,3,0,0,0,0,0,0,0,0,0,0,0,0,0,0,0,0,22.5,127.5
"220",1985.42307692308,1,0,0,0,5.2,0,0,0,9.98,36,314,-3.27,54,123,-6.7,6,220,351,61,157,93,70,31,34,22.5,127.5
"221",1985.46153846154,0,1,0,0,0,5.9,0,0,9.02,5,196,-2.6,48,101,-6.42,42,290,324,58,-29,71,65,-144,42,22.5,127.5
"222",1985.5,1,0,0,0,5.5,0,0,0,2.28,16,217,0.24,55,332,-2.51,30,117,261,56,-170,165,81,-34,81,22.5,127.5
"223",1985.53846153846,0,0,0,0,3,3,3,3,0,0,0,0,0,0,0,0,0,0,0,0,0,0,0,0,22.5,127.5
"224",1985.57692307692,0,0,0,0,3,3,3,3,0,0,0,0,0,0,0,0,0,0,0,0,0,0,0,0,22.5,127.5
"225",1985.61538461538,0,2,0,0,0,5.9,0,0,3.55,27.5,185,-0.39,60,28,-3.165,7.5,278,325.5,65.5,15.5,227.5,76.5,154,65.5,22.5,127.5
"226",1985.65384615385,0,0,0,0,3,3,3,3,0,0,0,0,0,0,0,0,0,0,0,0,0,0,0,0,22.5,127.5
"227",1985.69230769231,0,0,0,0,3,3,3,3,0,0,0,0,0,0,0,0,0,0,0,0,0,0,0,0,22.5,127.5
"228",1985.73076923077,1,0,0,0,5.4,0,0,0,1.82,18,358,-0.04,5,267,-1.78,71,162,96,27,-79,264,63,-95,96,22.5,127.5
"229",1985.76923076923,0,0,0,0,3,3,3,3,0,0,0,0,0,0,0,0,0,0,0,0,0,0,0,0,22.5,127.5
"230",1985.80769230769,0,0,0,0,3,3,3,3,0,0,0,0,0,0,0,0,0,0,0,0,0,0,0,0,22.5,127.5
"231",1985.84615384615,0,0,0,0,3,3,3,3,0,0,0,0,0,0,0,0,0,0,0,0,0,0,0,0,22.5,127.5
"232",1985.88461538462,1,0,0,0,5.2,0,0,0,7.89,64,354,0.36,12,236,-8.24,22,141,209,26,60,61,68,103,91,22.5,127.5
"233",1985.92307692308,1,0,0,0,5.7,0,0,0,4.64,48,301,0.18,11,44,-4.82,40,143,292,12,158,43,86,79,93,22.5,127.5
"234",1985.96153846154,0,0,0,0,3,3,3,3,0,0,0,0,0,0,0,0,0,0,0,0,0,0,0,0,22.5,127.5
"235",1986,0,0,0,0,3,3,3,3,0,0,0,0,0,0,0,0,0,0,0,0,0,0,0,0,22.5,127.5
"236",1986.03846153846,0,0,0,0,3,3,3,3,0,0,0,0,0,0,0,0,0,0,0,0,0,0,0,0,22.5,127.5
"237",1986.07692307692,1,0,0,0,6,0,0,0,1.1,17,328,-0.05,3,58,-1.04,72,158,53,28,-96,240,62,-87,91,22.5,127.5
"238",1986.11538461538,0,0,0,0,3,3,3,3,0,0,0,0,0,0,0,0,0,0,0,0,0,0,0,0,22.5,127.5
"239",1986.15384615385,1,2,0,0,5.8,5.85,0,0,3.96333333333333,64.6666666666667,150.666666666667,-0.133333333333333,6,184.666666666667,-3.83,24,216.666666666667,195,21.6666666666667,100.666666666667,124.666666666667,69.3333333333333,87,92.6666666666667,22.5,127.5
"240",1986.19230769231,0,0,0,0,3,3,3,3,0,0,0,0,0,0,0,0,0,0,0,0,0,0,0,0,22.5,127.5
"241",1986.23076923077,5,3,0,0,5.54,5.63333333333333,0,0,4.8125,26.125,183.5,-0.0725,24,157,-4.7375,44.125,172,183.25,39.5,-16.75,132.5,65.875,-28.5,75.625,22.5,127.5
"242",1986.26923076923,0,0,0,0,3,3,3,3,0,0,0,0,0,0,0,0,0,0,0,0,0,0,0,0,22.5,127.5
"243",1986.30769230769,0,0,0,0,3,3,3,3,0,0,0,0,0,0,0,0,0,0,0,0,0,0,0,0,22.5,127.5
"244",1986.34615384615,1,0,0,0,5.6,0,0,0,3.03,39,305,0.39,14,47,-3.42,48,153,335,15,-162,228,86,-76,77,22.5,127.5
"245",1986.38461538462,0,2,0,2,0,6.2,0,6.55,5.3775,46,78.75,0.5475,13.25,216.5,-5.925,33.5,266.5,166.75,35.25,-4.5,80.25,59.25,-0.5,69,22.5,127.5
"246",1986.42307692308,3,0,0,0,5.4,0,0,0,4.78333333333333,69.3333333333333,300.666666666667,-0.13,9.66666666666667,108.333333333333,-4.65333333333333,17.3333333333333,139,231.666666666667,29,94.3333333333333,45.6666666666667,63.3333333333333,85,81.3333333333333,22.5,127.5
"247",1986.46153846154,0,1,0,0,0,5.1,0,0,5.15,10,238,-0.05,38,140,-5.11,50,340,4,48,-34,119,65,-133,98,22.5,127.5
"248",1986.5,0,0,0,0,3,3,3,3,0,0,0,0,0,0,0,0,0,0,0,0,0,0,0,0,22.5,127.5
"249",1986.53846153846,1,0,0,0,5.3,0,0,0,1.5,40,164,-0.3,48,323,-1.2,11,65,196,54,157,300,71,38,60,22.5,127.5
"250",1986.57692307692,2,0,0,0,5.8,0,0,0,2.22,6.5,319,-0.46,48,76.5,-1.765,39.5,216,19,61.5,34,167,71,-33.5,65.5,22.5,127.5
"251",1986.61538461538,0,3,0,0,0,5.4,0,0,1.69666666666667,50.6666666666667,72,0.22,10.3333333333333,269.333333333333,-1.91333333333333,33,223.333333333333,265,40,24.6666666666667,212,52.6666666666667,34.3333333333333,73.3333333333333,22.5,127.5
"252",1986.65384615385,0,0,0,0,3,3,3,3,0,0,0,0,0,0,0,0,0,0,0,0,0,0,0,0,22.5,127.5
"253",1986.69230769231,0,0,0,0,3,3,3,3,0,0,0,0,0,0,0,0,0,0,0,0,0,0,0,0,22.5,127.5
"254",1986.73076923077,1,0,0,0,5.2,0,0,0,8.23,58,333,1.27,5,234,-9.5,32,141,213,14,68,56,77,95,73,22.5,127.5
"255",1986.76923076923,0,0,0,0,3,3,3,3,0,0,0,0,0,0,0,0,0,0,0,0,0,0,0,0,22.5,127.5
"256",1986.80769230769,1,0,0,0,5.3,0,0,0,1,34,358,0.07,23,251,-1.07,47,134,143,24,-17,248,83,-113,87,22.5,127.5
"257",1986.84615384615,0,0,0,1,0,0,0,5,4.23,9,79,-0.01,3,349,-4.23,80,238,173,36,-84,346,54,-94,100,22.5,127.5
"258",1986.88461538462,4,0,0,0,6.35,0,0,0,5.595,64.75,277.5,0.4775,12,112.25,-6.07,19,120.25,227,32.75,115,21.25,66.75,78.75,82.5,22.5,127.5
"259",1986.92307692308,0,0,0,0,3,3,3,3,0,0,0,0,0,0,0,0,0,0,0,0,0,0,0,0,22.5,127.5
"260",1986.96153846154,0,1,0,0,0,5.1,0,0,5.96,51,122,0,22,2,-5.96,30,259,303,25,28,187,79,112,100,22.5,127.5
"261",1987,0,0,0,0,3,3,3,3,0,0,0,0,0,0,0,0,0,0,0,0,0,0,0,0,22.5,127.5
"262",1987.03846153846,1,1,0,0,5.8,5.7,0,0,4.965,55.5,150.5,0.465,29,181,-5.425,10,178.5,277,44,104.5,255.5,63.5,68.5,81.5,22.5,127.5
"263",1987.07692307692,0,0,0,0,3,3,3,3,0,0,0,0,0,0,0,0,0,0,0,0,0,0,0,0,22.5,127.5
"264",1987.11538461538,0,1,0,0,0,6,0,0,1.56,11,215,-0.44,72,90,-1.12,14,308,351,72,-3,82,87,-162,44,22.5,127.5
"265",1987.15384615385,1,0,0,0,5.6,0,0,0,2.74,4,205,-0.1,27,297,-2.64,62,107,269,48,-128,138,55,-56,93,22.5,127.5
"266",1987.19230769231,0,0,0,0,3,3,3,3,0,0,0,0,0,0,0,0,0,0,0,0,0,0,0,0,22.5,127.5
"267",1987.23076923077,0,0,0,0,3,3,3,3,0,0,0,0,0,0,0,0,0,0,0,0,0,0,0,0,22.5,127.5
"268",1987.26923076923,0,0,0,0,3,3,3,3,0,0,0,0,0,0,0,0,0,0,0,0,0,0,0,0,22.5,127.5
"269",1987.30769230769,0,1,0,0,0,5.2,0,0,9.16,3,104,-0.08,21,13,-9.08,68,201,215,46,-60,355,52,-118,98,22.5,127.5
"270",1987.34615384615,1,2,0,1,5.2,6.8,0,5.3,3.0625,24.75,184.25,0.325,34.25,143.75,-3.385,41.25,256.25,212.75,38.5,28.75,179.75,77.75,-30,87.75,22.5,127.5
"271",1987.38461538462,1,0,0,0,5.2,0,0,0,8.79,53,341,-0.54,12,234,-8.25,34,135,183,16,38,56,80,103,88,22.5,127.5
"272",1987.42307692308,0,0,0,0,3,3,3,3,0,0,0,0,0,0,0,0,0,0,0,0,0,0,0,0,22.5,127.5
"273",1987.46153846154,1,2,0,1,6.2,6.05,0,5.4,3.5425,33.5,121.75,0.35,35.25,190.25,-3.8925,26.75,257.25,206.75,51,68,272.5,64.5,23,86,22.5,127.5
"274",1987.5,0,2,0,0,0,5.1,0,0,5.33,42,135.5,1.41,16,193.5,-6.74,39.5,261,103,36,-1.5,285.5,59,2.5,58.5,22.5,127.5
"275",1987.53846153846,1,0,0,0,5.7,0,0,0,3.85,41,306,1.19,6,41,-5.05,49,138,344,8,-147,221,86,-84,53,22.5,127.5
"276",1987.57692307692,0,0,0,0,3,3,3,3,0,0,0,0,0,0,0,0,0,0,0,0,0,0,0,0,22.5,127.5
"277",1987.61538461538,0,0,0,0,3,3,3,3,0,0,0,0,0,0,0,0,0,0,0,0,0,0,0,0,22.5,127.5
"278",1987.65384615385,0,0,0,0,3,3,3,3,0,0,0,0,0,0,0,0,0,0,0,0,0,0,0,0,22.5,127.5
"279",1987.69230769231,0,0,0,0,3,3,3,3,0,0,0,0,0,0,0,0,0,0,0,0,0,0,0,0,22.5,127.5
"280",1987.73076923077,0,0,0,0,3,3,3,3,0,0,0,0,0,0,0,0,0,0,0,0,0,0,0,0,22.5,127.5
"281",1987.76923076923,0,0,0,0,3,3,3,3,0,0,0,0,0,0,0,0,0,0,0,0,0,0,0,0,22.5,127.5
"282",1987.80769230769,1,2,0,0,5.2,5.15,0,0,7.07333333333333,60,173,0.176666666666667,13.3333333333333,179,-7.24666666666667,25.6666666666667,202,141.666666666667,23.6666666666667,50.6666666666667,123,72.3333333333333,103.666666666667,75,22.5,127.5
"283",1987.84615384615,0,0,0,0,3,3,3,3,0,0,0,0,0,0,0,0,0,0,0,0,0,0,0,0,22.5,127.5
"284",1987.88461538462,1,0,0,0,5.1,0,0,0,4.23,14,130,1.03,54,241,-5.26,32,30,174,57,-166,77,79,-34,61,22.5,127.5
"285",1987.92307692308,0,0,0,0,3,3,3,3,0,0,0,0,0,0,0,0,0,0,0,0,0,0,0,0,22.5,127.5
"286",1987.96153846154,0,1,0,0,0,5.2,0,0,9.35,11,35,-2.15,79,209,-7.21,1,305,79,81,173,170,83,9,54,22.5,127.5
"287",1988,0,1,0,0,0,5.4,0,0,1.47,67,151,0.13,9,39,-1.59,21,306,19,25,68,223,67,100,84,22.5,127.5
"288",1988.03846153846,0,0,0,0,3,3,3,3,0,0,0,0,0,0,0,0,0,0,0,0,0,0,0,0,22.5,127.5
"289",1988.07692307692,0,1,0,0,0,5.8,0,0,6.38,60,144,-0.12,30,327,-6.26,2,236,299,51,49,173,54,129,96,22.5,127.5
"290",1988.11538461538,1,0,0,0,5.6,0,0,0,3.7,4,281,-0.57,45,14,-3.13,45,187,334,57,-147,225,63,-37,69,22.5,127.5
"291",1988.15384615385,0,0,0,0,3,3,3,3,0,0,0,0,0,0,0,0,0,0,0,0,0,0,0,0,22.5,127.5
"292",1988.19230769231,0,0,0,0,3,3,3,3,0,0,0,0,0,0,0,0,0,0,0,0,0,0,0,0,22.5,127.5
"293",1988.23076923077,0,0,0,0,3,3,3,3,0,0,0,0,0,0,0,0,0,0,0,0,0,0,0,0,22.5,127.5
"294",1988.26923076923,1,0,0,0,5.6,0,0,0,3.09,70,325,0.46,7,216,-3.56,19,124,203,27,75,39,64,97,74,22.5,127.5
"295",1988.30769230769,0,0,0,0,3,3,3,3,0,0,0,0,0,0,0,0,0,0,0,0,0,0,0,0,22.5,127.5
"296",1988.34615384615,0,1,0,0,0,5.4,0,0,1.72,71,62,-0.12,17,214,-1.6,8,307,56,40,117,202,55,69,86,22.5,127.5
"297",1988.38461538462,0,1,0,0,0,5.3,0,0,1.04,58,103,0.19,16,220,-1.24,27,318,81,23,134,215,74,73,69,22.5,127.5
"298",1988.42307692308,0,0,0,0,3,3,3,3,0,0,0,0,0,0,0,0,0,0,0,0,0,0,0,0,22.5,127.5
"299",1988.46153846154,0,0,0,0,3,3,3,3,0,0,0,0,0,0,0,0,0,0,0,0,0,0,0,0,22.5,127.5
"300",1988.5,0,1,0,0,0,5.6,0,0,3.31,76,120,0.72,2,20,-4.03,14,290,16,31,85,202,59,93,64,22.5,127.5
"301",1988.53846153846,0,0,0,0,3,3,3,3,0,0,0,0,0,0,0,0,0,0,0,0,0,0,0,0,22.5,127.5
"302",1988.57692307692,2,2,0,0,5.9,5.6,0,0,5.67,28.75,155.75,1,56.25,144.25,-6.67,11.75,149.75,143.75,61.25,-9.25,199.5,78.75,93,73.75,22.5,127.5
"303",1988.61538461538,0,2,0,0,0,5.25,0,0,3.545,52,57.5,0.5,33.5,227.5,-4.045,14.5,224,127,42.5,76,142.5,68.5,104,79,22.5,127.5
"304",1988.65384615385,1,1,0,0,5,5.5,0,0,3.225,67.5,194.5,-0.405,9.5,126,-2.82,19.5,220,147,28,113,122,65.5,79,75.5,22.5,127.5
"305",1988.69230769231,0,0,0,0,3,3,3,3,0,0,0,0,0,0,0,0,0,0,0,0,0,0,0,0,22.5,127.5
"306",1988.73076923077,0,1,0,0,0,5.3,0,0,0.86,80,13,0.64,10,188,-1.51,1,278,18,45,105,178,47,76,15,22.5,127.5
"307",1988.76923076923,0,0,0,0,3,3,3,3,0,0,0,0,0,0,0,0,0,0,0,0,0,0,0,0,22.5,127.5
"308",1988.80769230769,0,2,0,0,0,5.7,0,0,1.4,34,12.5,-0.02,42.5,247,-1.38,25.5,128.5,169.5,44,11.5,159,84.5,-19,76.5,22.5,127.5
"309",1988.84615384615,0,1,0,0,0,5.9,0,0,0.81,55,139,0.19,1,230,-1,35,321,55,10,95,230,80,89,62,22.5,127.5
"310",1988.88461538462,0,0,0,0,3,3,3,3,0,0,0,0,0,0,0,0,0,0,0,0,0,0,0,0,22.5,127.5
"311",1988.92307692308,1,1,0,0,5.2,5.7,0,0,5.745,34.5,212,0.825,55.5,41.5,-6.57,1,210.5,109.5,68,62,312,70,117.5,75.5,22.5,127.5
"312",1988.96153846154,1,0,0,0,5.1,0,0,0,6.54,79,338,0.18,7,205,-6.72,8,114,195,38,78,31,53,99,95,22.5,127.5
"313",1989,2,0,0,0,5.85,0,0,0,6.75,19,260,0.02,19.5,179.5,-6.77,61.5,128,141,34.5,-132,186,67.5,-69,96,22.5,127.5
"314",1989.03846153846,0,1,0,0,0,5.3,0,0,1.13,61,172,-0.05,26,23,-1.08,13,286,346,39,47,217,63,119,91,22.5,127.5
"315",1989.07692307692,3,1,0,0,5.3,5.1,0,0,3.9625,27.75,226,-0.2675,19.5,116.5,-3.6975,48.75,114.25,147.5,34.25,-62.25,167.5,64.5,-33.5,84.5,22.5,127.5
"316",1989.11538461538,0,0,0,0,3,3,3,3,0,0,0,0,0,0,0,0,0,0,0,0,0,0,0,0,22.5,127.5
"317",1989.15384615385,0,0,0,0,3,3,3,3,0,0,0,0,0,0,0,0,0,0,0,0,0,0,0,0,22.5,127.5
"318",1989.19230769231,0,0,0,0,3,3,3,3,0,0,0,0,0,0,0,0,0,0,0,0,0,0,0,0,22.5,127.5
"319",1989.23076923077,1,3,0,0,5.3,5.66666666666667,0,0,3,57.25,188,0.325,10,98,-3.3225,30.5,273,246.75,19.5,59.25,187,76.25,94.25,69.5,22.5,127.5
"320",1989.26923076923,0,1,0,0,0,5.3,0,0,1.21,55,192,-0.12,19,73,-1.09,28,332,22,24,37,258,76,110,80,22.5,127.5
"321",1989.30769230769,1,0,0,0,5.4,0,0,0,1.57,23,227,0.39,22,327,-1.96,57,95,281,29,-140,155,72,-67,60,22.5,127.5
"322",1989.34615384615,0,0,0,0,3,3,3,3,0,0,0,0,0,0,0,0,0,0,0,0,0,0,0,0,22.5,127.5
"323",1989.38461538462,1,0,0,0,5.1,0,0,0,5.68,57,316,1.72,33,129,-7.39,3,221,341,51,134,103,56,49,53,22.5,127.5
"324",1989.42307692308,0,0,0,0,3,3,3,3,0,0,0,0,0,0,0,0,0,0,0,0,0,0,0,0,22.5,127.5
"325",1989.46153846154,0,0,0,0,3,3,3,3,0,0,0,0,0,0,0,0,0,0,0,0,0,0,0,0,22.5,127.5
"326",1989.5,0,1,0,0,0,5.1,0,0,5.07,7,121,0.59,2,212,-5.66,83,316,209,38,-93,33,52,-88,79,22.5,127.5
"327",1989.53846153846,0,0,0,0,3,3,3,3,0,0,0,0,0,0,0,0,0,0,0,0,0,0,0,0,22.5,127.5
"328",1989.57692307692,0,0,0,0,3,3,3,3,0,0,0,0,0,0,0,0,0,0,0,0,0,0,0,0,22.5,127.5
"329",1989.61538461538,1,1,0,0,6.6,6.4,0,0,2.89,7,176,0.065,71.5,170,-2.96,17,178,266.5,73,-90,87.5,83.5,-84,97.5,22.5,127.5
"330",1989.65384615385,1,0,0,0,6.2,0,0,0,2.82,59,336,0.01,9,82,-2.82,29,177,291,18,120,79,75,81,99,22.5,127.5
"331",1989.69230769231,2,1,0,0,5.3,5.5,0,0,4.66,10.6666666666667,217,-0.276666666666667,51.3333333333333,197,-4.38666666666667,34.3333333333333,126,194.666666666667,59,39,177.666666666667,72.6666666666667,-85,73.3333333333333,22.5,127.5
"332",1989.73076923077,0,1,0,0,0,5.5,0,0,2.05,33,25,-0.19,51,170,-1.86,18,283,60,53,167,157,80,38,81,22.5,127.5
"333",1989.76923076923,0,0,0,0,3,3,3,3,0,0,0,0,0,0,0,0,0,0,0,0,0,0,0,0,22.5,127.5
"334",1989.80769230769,0,1,0,0,0,5.3,0,0,9.5,72,168,0.37,13,32,-9.87,12,299,12,35,67,220,58,105,93,22.5,127.5
"335",1989.84615384615,0,1,0,0,0,5.5,0,0,1.99,0,146,-0.23,45,56,-1.76,45,236,271,60,-35,20,60,-145,77,22.5,127.5
"336",1989.88461538462,1,0,0,0,5.2,0,0,0,0.67,66,310,0.39,5,51,-1.06,23,144,244,22,104,49,68,84,26,22.5,127.5
"337",1989.92307692308,0,0,0,0,3,3,3,3,0,0,0,0,0,0,0,0,0,0,0,0,0,0,0,0,22.5,127.5
"338",1989.96153846154,0,0,0,0,3,3,3,3,0,0,0,0,0,0,0,0,0,0,0,0,0,0,0,0,22.5,127.5
"339",1990,0,0,0,0,3,3,3,3,0,0,0,0,0,0,0,0,0,0,0,0,0,0,0,0,22.5,127.5
"340",1990.03846153846,0,0,0,0,3,3,3,3,0,0,0,0,0,0,0,0,0,0,0,0,0,0,0,0,22.5,127.5
"341",1990.07692307692,0,1,0,0,0,5.3,0,0,1.06,30,49,0.39,60,222,-1.45,3,317,89,67,160,187,71,24,46,22.5,127.5
"342",1990.11538461538,0,0,0,0,3,3,3,3,0,0,0,0,0,0,0,0,0,0,0,0,0,0,0,0,22.5,127.5
"343",1990.15384615385,0,1,0,0,0,6.1,0,0,1.79,55,107,-0.02,21,231,-1.77,26,332,102,27,144,224,75,68,98,22.5,127.5
"344",1990.19230769231,0,0,0,0,3,3,3,3,0,0,0,0,0,0,0,0,0,0,0,0,0,0,0,0,22.5,127.5
"345",1990.23076923077,0,1,0,0,0,5.5,0,0,2.16,71,223,-0.13,19,45,-2.03,1,315,27,47,64,243,49,115,88,22.5,127.5
"346",1990.26923076923,0,1,0,0,0,5.5,0,0,2.35,57,105,0.46,18,345,-2.81,27,246,299,24,41,170,75,109,67,22.5,127.5
"347",1990.30769230769,0,0,0,0,3,3,3,3,0,0,0,0,0,0,0,0,0,0,0,0,0,0,0,0,22.5,127.5
"348",1990.34615384615,0,0,0,0,3,3,3,3,0,0,0,0,0,0,0,0,0,0,0,0,0,0,0,0,22.5,127.5
"349",1990.38461538462,1,0,0,0,5.8,0,0,0,5.92,72,295,0.71,5,41,-6.63,17,133,231,28,101,38,63,84,79,22.5,127.5
"350",1990.42307692308,0,2,0,0,0,5.2,0,0,7.825,7,59,-0.48,28.5,56.5,-7.34,60,228,161,47,-70,317.5,59.5,-108,87.5,22.5,127.5
"351",1990.46153846154,1,0,0,0,6,0,0,0,1.41,20,314,-0.18,24,53,-1.23,58,188,9,32,-139,243,69,-64,74,22.5,127.5
"352",1990.5,1,2,0,0,5.4,5.55,0,0,2.22666666666667,34.3333333333333,125.666666666667,0.18,43.3333333333333,261.333333333333,-2.40666666666667,25,257.666666666667,159.666666666667,46,53,193.666666666667,80,11.3333333333333,82.6666666666667,22.5,127.5
"353",1990.53846153846,0,0,0,0,3,3,3,3,0,0,0,0,0,0,0,0,0,0,0,0,0,0,0,0,22.5,127.5
"354",1990.57692307692,4,8,0,0,6.35,5.7,0,0,3.1775,37.3333333333333,136.75,0.28,39.25,194.166666666667,-3.4575,19.9166666666667,204.75,181.583333333333,50.4166666666667,45.8333333333333,182.333333333333,72.25,42.25,70,22.5,127.5
"355",1990.61538461538,0,2,0,0,0,5,0,0,4.305,0,171,-0.4,0,81,-3.91,90,180,261,45,-90,81,45,-90,81.5,22.5,127.5
"356",1990.65384615385,1,0,0,0,5.4,0,0,0,1.35,0,195,0.55,90,180,-1.9,0,105,240,90,-180,330,90,0,42,22.5,127.5
"357",1990.69230769231,0,1,0,0,0,5.8,0,0,5.7,64,136,-0.57,14,15,-5.13,21,279,345,27,57,201,68,105,80,22.5,127.5
"358",1990.73076923077,0,0,0,0,3,3,3,3,0,0,0,0,0,0,0,0,0,0,0,0,0,0,0,0,22.5,127.5
"359",1990.76923076923,2,0,0,0,6.1,0,0,0,1.59,56.5,299,0.205,4,36,-1.795,33,128.5,230,12.5,104.5,35,78,86,78.5,22.5,127.5
"360",1990.80769230769,1,0,0,0,5.1,0,0,0,5.83,21,300,-0.54,18,203,-5.3,62,76,58,29,-51,196,68,-109,81,22.5,127.5
"361",1990.84615384615,0,0,0,0,3,3,3,3,0,0,0,0,0,0,0,0,0,0,0,0,0,0,0,0,22.5,127.5
"362",1990.88461538462,1,0,0,0,5.5,0,0,0,1.96,55,271,0.16,4,7,-2.11,35,100,210,11,113,7,80,86,85,22.5,127.5
"363",1990.92307692308,0,0,0,0,3,3,3,3,0,0,0,0,0,0,0,0,0,0,0,0,0,0,0,0,22.5,127.5
"364",1990.96153846154,9,1,0,0,5.94444444444444,5.4,0,0,2.542,50.6,286.6,0.156,10.4,119.5,-2.697,31.2,134.5,205.7,21.7,67.1,30.6,76.7,79.8,83,22.5,127.5
"365",1991,1,0,0,0,5.9,0,0,0,6.15,71,294,2.91,8,50,-9.06,16,143,245,29,107,46,62,81,36,22.5,127.5
"366",1991.03846153846,0,0,0,0,3,3,3,3,0,0,0,0,0,0,0,0,0,0,0,0,0,0,0,0,22.5,127.5
"367",1991.07692307692,0,1,0,0,0,5.6,0,0,3.59,29,32,0.11,1,301,-3.7,61,208,125,16,-85,300,74,-91,94,22.5,127.5
"368",1991.11538461538,0,0,0,0,3,3,3,3,0,0,0,0,0,0,0,0,0,0,0,0,0,0,0,0,22.5,127.5
"369",1991.15384615385,0,0,0,0,3,3,3,3,0,0,0,0,0,0,0,0,0,0,0,0,0,0,0,0,22.5,127.5
"370",1991.19230769231,0,0,0,0,3,3,3,3,0,0,0,0,0,0,0,0,0,0,0,0,0,0,0,0,22.5,127.5
"371",1991.23076923077,2,2,0,0,5.45,6.4,0,0,3.375,6.75,104.25,0.1475,68,225.25,-3.5175,19.5,143,175,71.75,-36.75,211,81.25,-54.75,80.75,22.5,127.5
"372",1991.26923076923,0,0,0,0,3,3,3,3,0,0,0,0,0,0,0,0,0,0,0,0,0,0,0,0,22.5,127.5
"373",1991.30769230769,0,2,0,0,0,6.1,0,0,1.96,39.5,107.5,0.175,32.5,233,-2.135,29.5,340,129,33.5,171,225.5,83.5,57,77.5,22.5,127.5
"374",1991.34615384615,0,0,0,0,3,3,3,3,0,0,0,0,0,0,0,0,0,0,0,0,0,0,0,0,22.5,127.5
"375",1991.38461538462,0,0,0,0,3,3,3,3,0,0,0,0,0,0,0,0,0,0,0,0,0,0,0,0,22.5,127.5
"376",1991.42307692308,0,0,0,0,3,3,3,3,0,0,0,0,0,0,0,0,0,0,0,0,0,0,0,0,22.5,127.5
"377",1991.46153846154,3,0,0,0,5.56666666666667,0,0,0,2.94666666666667,20.6666666666667,200.333333333333,-0.313333333333333,57,272,-2.63666666666667,18.6666666666667,90.3333333333333,227.333333333333,58.6666666666667,-67,265.666666666667,83.6666666666667,16.3333333333333,80.6666666666667,22.5,127.5
"378",1991.5,0,0,0,0,3,3,3,3,0,0,0,0,0,0,0,0,0,0,0,0,0,0,0,0,22.5,127.5
"379",1991.53846153846,0,0,0,0,3,3,3,3,0,0,0,0,0,0,0,0,0,0,0,0,0,0,0,0,22.5,127.5
"380",1991.57692307692,0,0,0,0,3,3,3,3,0,0,0,0,0,0,0,0,0,0,0,0,0,0,0,0,22.5,127.5
"381",1991.61538461538,0,1,0,0,0,5.7,0,0,3.88,4,204,-0.15,86,51,-3.74,2,294,339,86,1,249,89,176,92,22.5,127.5
"382",1991.65384615385,0,0,0,0,3,3,3,3,0,0,0,0,0,0,0,0,0,0,0,0,0,0,0,0,22.5,127.5
"383",1991.69230769231,1,0,0,0,5.4,0,0,0,1.92,0,176,-0.23,26,266,-1.69,64,86,242,50,-124,109,50,-56,76,22.5,127.5
"384",1991.73076923077,0,0,0,0,3,3,3,3,0,0,0,0,0,0,0,0,0,0,0,0,0,0,0,0,22.5,127.5
"385",1991.76923076923,0,1,0,0,0,5.4,0,0,1.19,62,43,0.4,26,201,-1.59,9,295,53,42,131,184,59,59,50,22.5,127.5
"386",1991.80769230769,0,0,0,0,3,3,3,3,0,0,0,0,0,0,0,0,0,0,0,0,0,0,0,0,22.5,127.5
"387",1991.84615384615,0,0,0,0,3,3,3,3,0,0,0,0,0,0,0,0,0,0,0,0,0,0,0,0,22.5,127.5
"388",1991.88461538462,0,0,0,0,3,3,3,3,0,0,0,0,0,0,0,0,0,0,0,0,0,0,0,0,22.5,127.5
"389",1991.92307692308,0,0,0,0,3,3,3,3,0,0,0,0,0,0,0,0,0,0,0,0,0,0,0,0,22.5,127.5
"390",1991.96153846154,0,0,0,0,3,3,3,3,0,0,0,0,0,0,0,0,0,0,0,0,0,0,0,0,22.5,127.5
"391",1992,0,0,0,0,3,3,3,3,0,0,0,0,0,0,0,0,0,0,0,0,0,0,0,0,22.5,127.5
"392",1992.03846153846,0,0,0,0,3,3,3,3,0,0,0,0,0,0,0,0,0,0,0,0,0,0,0,0,22.5,127.5
"393",1992.07692307692,1,0,0,0,5.4,0,0,0,1.48,56,299,-0.19,11,191,-1.28,31,94,151,17,48,14,77,102,74,22.5,127.5
"394",1992.11538461538,0,1,0,0,0,5.3,0,0,0.94,11,32,0.19,78,241,-1.13,6,123,168,78,3,77,87,168,66,22.5,127.5
"395",1992.15384615385,0,0,0,0,3,3,3,3,0,0,0,0,0,0,0,0,0,0,0,0,0,0,0,0,22.5,127.5
"396",1992.19230769231,0,1,0,0,0,5.4,0,0,1.55,71,86,0,12,214,-1.56,14,307,52,32,112,207,60,77,100,22.5,127.5
"397",1992.23076923077,2,2,0,0,5.35,6.15,0,0,3.78,28.25,226,-0.245,44,170.75,-3.5325,28.5,191.5,167,48.75,46,118.5,76.75,-31.75,86,22.5,127.5
"398",1992.26923076923,0,0,0,0,3,3,3,3,0,0,0,0,0,0,0,0,0,0,0,0,0,0,0,0,22.5,127.5
"399",1992.30769230769,2,1,0,0,5.9,6.1,0,0,2.37333333333333,45,209,-0.18,16.6666666666667,158.666666666667,-2.19333333333333,35.3333333333333,146,254,33.6666666666667,0.666666666666667,108,63.3333333333333,49,88,22.5,127.5
"400",1992.34615384615,1,0,0,0,5.6,0,0,0,4.02,14,292,-0.61,14,25,-3.42,70,159,3,33,-117,214,61,-74,70,22.5,127.5
"401",1992.38461538462,0,0,0,0,3,3,3,3,0,0,0,0,0,0,0,0,0,0,0,0,0,0,0,0,22.5,127.5
"402",1992.42307692308,3,1,0,0,5.53333333333333,5.5,0,0,1.4625,35.75,284.5,0.0575,47.25,123,-1.5175,12.25,167.25,57,54.75,63.75,175.75,76,100.5,64.75,22.5,127.5
"403",1992.46153846154,1,0,0,0,5.3,0,0,0,1.44,4,329,-0.23,82,213,-1.21,7,60,104,82,-3,195,87,-172,68,22.5,127.5
"404",1992.5,0,0,0,0,3,3,3,3,0,0,0,0,0,0,0,0,0,0,0,0,0,0,0,0,22.5,127.5
"405",1992.53846153846,0,0,0,0,3,3,3,3,0,0,0,0,0,0,0,0,0,0,0,0,0,0,0,0,22.5,127.5
"406",1992.57692307692,0,0,0,0,3,3,3,3,0,0,0,0,0,0,0,0,0,0,0,0,0,0,0,0,22.5,127.5
"407",1992.61538461538,0,1,0,0,0,5.5,0,0,3.04,35,19,-1.09,49,162,-1.95,19,275,52,50,167,151,80,40,28,22.5,127.5
"408",1992.65384615385,0,1,0,0,0,5.1,0,0,6.21,66,182,-0.25,15,55,-5.96,18,319,27,30,59,242,65,107,92,22.5,127.5
"409",1992.69230769231,2,0,0,0,5.75,0,0,0,5.47,41,278.5,-0.2,38.5,87.5,-5.275,22.5,79,165.5,41.5,76,179.5,79.5,109,89.5,22.5,127.5
"410",1992.73076923077,0,0,0,0,3,3,3,3,0,0,0,0,0,0,0,0,0,0,0,0,0,0,0,0,22.5,127.5
"411",1992.76923076923,2,0,0,0,6.25,0,0,0,3.18,56.5,279,0.16,25.5,55,-3.34,19.5,154,278,34.5,138.5,44,69,62.5,75,22.5,127.5
"412",1992.80769230769,1,0,0,0,5.2,0,0,0,8.38,14,354,0.41,3,85,-8.79,76,185,81,31,-95,266,59,-87,91,22.5,127.5
"413",1992.84615384615,0,0,0,0,3,3,3,3,0,0,0,0,0,0,0,0,0,0,0,0,0,0,0,0,22.5,127.5
"414",1992.88461538462,0,1,0,0,0,5.1,0,0,4.41,29,74,2.05,46,198,-6.46,31,326,111,46,-178,20,89,-44,37,22.5,127.5
"415",1992.92307692308,0,0,0,0,3,3,3,3,0,0,0,0,0,0,0,0,0,0,0,0,0,0,0,0,22.5,127.5
"416",1992.96153846154,0,0,0,0,3,3,3,3,0,0,0,0,0,0,0,0,0,0,0,0,0,0,0,0,22.5,127.5
"417",1993,0,0,0,0,3,3,3,3,0,0,0,0,0,0,0,0,0,0,0,0,0,0,0,0,22.5,127.5
"418",1993.03846153846,0,0,0,0,3,3,3,3,0,0,0,0,0,0,0,0,0,0,0,0,0,0,0,0,22.5,127.5
"419",1993.07692307692,1,0,0,0,5.7,0,0,0,3.93,56,263,0.62,10,9,-4.55,31,106,228,17,130,7,77,79,73,22.5,127.5
"420",1993.11538461538,0,0,0,0,3,3,3,3,0,0,0,0,0,0,0,0,0,0,0,0,0,0,0,0,22.5,127.5
"421",1993.15384615385,0,0,0,0,3,3,3,3,0,0,0,0,0,0,0,0,0,0,0,0,0,0,0,0,22.5,127.5
"422",1993.19230769231,0,0,0,0,3,3,3,3,0,0,0,0,0,0,0,0,0,0,0,0,0,0,0,0,22.5,127.5
"423",1993.23076923077,0,0,0,0,3,3,3,3,0,0,0,0,0,0,0,0,0,0,0,0,0,0,0,0,22.5,127.5
"424",1993.26923076923,1,0,0,0,5.3,0,0,0,0.93,82,298,0.18,3,188,-1.11,7,98,185,38,86,10,52,93,68,22.5,127.5
"425",1993.30769230769,1,0,0,0,5.5,0,0,0,2.92,23,218,-0.81,48,336,-2.11,33,112,258,49,-172,163,84,-42,45,22.5,127.5
"426",1993.34615384615,1,0,0,0,5.5,0,0,0,1.76,41,228,0.27,47,24,-2.04,12,127,259,53,157,4,72,40,74,22.5,127.5
"427",1993.38461538462,2,0,0,0,6.75,0,0,0,1.685,10,144,-0.145,38,241.5,-1.54,50.5,41.5,197.5,48,-146,83,65.5,-47.5,77,22.5,127.5
"428",1993.42307692308,0,0,0,0,3,3,3,3,0,0,0,0,0,0,0,0,0,0,0,0,0,0,0,0,22.5,127.5
"429",1993.46153846154,0,0,0,0,3,3,3,3,0,0,0,0,0,0,0,0,0,0,0,0,0,0,0,0,22.5,127.5
"430",1993.5,0,0,0,0,3,3,3,3,0,0,0,0,0,0,0,0,0,0,0,0,0,0,0,0,22.5,127.5
"431",1993.53846153846,0,1,0,0,0,5.5,0,0,2.21,5,144,-0.4,69,42,-1.8,21,236,278,72,-12,12,79,-162,64,22.5,127.5
"432",1993.57692307692,0,0,0,0,3,3,3,3,0,0,0,0,0,0,0,0,0,0,0,0,0,0,0,0,22.5,127.5
"433",1993.61538461538,0,2,0,0,0,6.4,0,0,4.5,11.5,62.5,0.25,37.5,161.5,-4.75,50.5,319,115.5,47,-146,1,66.5,-48.5,89,22.5,127.5
"434",1993.65384615385,0,0,0,0,3,3,3,3,0,0,0,0,0,0,0,0,0,0,0,0,0,0,0,0,22.5,127.5
"435",1993.69230769231,1,2,0,0,5.3,5.35,0,0,3.22666666666667,36.3333333333333,193,0.476666666666667,12.3333333333333,97.6666666666667,-3.70333333333333,48.6666666666667,264.333333333333,69.3333333333333,24,-61,163,70,-16.3333333333333,82.3333333333333,22.5,127.5
"436",1993.73076923077,0,0,0,0,3,3,3,3,0,0,0,0,0,0,0,0,0,0,0,0,0,0,0,0,22.5,127.5
"437",1993.76923076923,0,1,0,0,0,5.2,0,0,6.74,72,141,1.63,4,40,-8.37,18,309,33,27,82,222,63,94,61,22.5,127.5
"438",1993.80769230769,0,0,0,0,3,3,3,3,0,0,0,0,0,0,0,0,0,0,0,0,0,0,0,0,22.5,127.5
"439",1993.84615384615,1,0,0,0,5.4,0,0,0,1.71,52,233,0.02,19,349,-1.73,31,91,226,22,149,345,79,71,98,22.5,127.5
"440",1993.88461538462,0,0,0,0,3,3,3,3,0,0,0,0,0,0,0,0,0,0,0,0,0,0,0,0,22.5,127.5
"441",1993.92307692308,0,0,0,0,3,3,3,3,0,0,0,0,0,0,0,0,0,0,0,0,0,0,0,0,22.5,127.5
"442",1993.96153846154,0,4,0,0,0,5.7,0,0,1.54,59.5,103.5,-0.085,18,155.5,-1.4575,17.5,240.25,221.5,33.75,61.25,164,67.25,110.5,87.75,22.5,127.5
"443",1994,0,0,0,0,3,3,3,3,0,0,0,0,0,0,0,0,0,0,0,0,0,0,0,0,22.5,127.5
"444",1994.03846153846,0,0,0,0,3,3,3,3,0,0,0,0,0,0,0,0,0,0,0,0,0,0,0,0,22.5,127.5
"445",1994.07692307692,1,1,0,0,5.5,5.3,0,0,1.68,47,127,-0.05,33.5,256.5,-1.635,20,184,129.5,40.5,146.5,249.5,76,55.5,84,22.5,127.5
"446",1994.11538461538,0,0,0,0,3,3,3,3,0,0,0,0,0,0,0,0,0,0,0,0,0,0,0,0,22.5,127.5
"447",1994.15384615385,0,0,0,0,3,3,3,3,0,0,0,0,0,0,0,0,0,0,0,0,0,0,0,0,22.5,127.5
"448",1994.19230769231,0,0,0,0,3,3,3,3,0,0,0,0,0,0,0,0,0,0,0,0,0,0,0,0,22.5,127.5
"449",1994.23076923077,1,0,0,0,5.5,0,0,0,2.26,54,298,0.36,20,58,-2.61,29,159,292,24,146,53,77,70,72,22.5,127.5
"450",1994.26923076923,0,0,0,0,3,3,3,3,0,0,0,0,0,0,0,0,0,0,0,0,0,0,0,0,22.5,127.5
"451",1994.30769230769,2,2,0,0,6.05,5.75,0,0,3.475,4.75,208.5,-0.725,19,162.25,-2.7475,70,164.75,133,44.5,-68.5,195.5,53.25,-109,69.5,22.5,127.5
"452",1994.34615384615,0,0,0,0,3,3,3,3,0,0,0,0,0,0,0,0,0,0,0,0,0,0,0,0,22.5,127.5
"453",1994.38461538462,0,2,0,0,0,5.5,0,0,1.885,12,120,0.085,15.5,206.5,-1.97,70,247,228.5,36,-63.5,196.5,59,-108.5,76,22.5,127.5
"454",1994.42307692308,7,3,0,0,6.08571428571429,6,0,0,4.445,44.1,266.9,0.401,23.8,103.5,-4.847,31.4,191,281.9,27.3,52.1,121.6,80.3,32.8,83.6,22.5,127.5
"455",1994.46153846154,1,1,0,0,5.6,5.6,0,0,2.78,3.5,112.5,0.27,40.5,295.5,-3.055,49,110.5,198.5,54.5,-98,205,60.5,-86,82.5,22.5,127.5
"456",1994.5,0,1,0,0,0,5.3,0,0,1.08,54,19,-0.17,22,255,-0.91,27,153,202,27,34,81,75,113,69,22.5,127.5
"457",1994.53846153846,0,0,0,0,3,3,3,3,0,0,0,0,0,0,0,0,0,0,0,0,0,0,0,0,22.5,127.5
"458",1994.57692307692,0,0,0,0,3,3,3,3,0,0,0,0,0,0,0,0,0,0,0,0,0,0,0,0,22.5,127.5
"459",1994.61538461538,0,0,0,0,3,3,3,3,0,0,0,0,0,0,0,0,0,0,0,0,0,0,0,0,22.5,127.5
"460",1994.65384615385,1,0,0,0,5.7,0,0,0,3.88,68,344,0.52,13,220,-4.39,17,126,197,30,64,46,63,104,76,22.5,127.5
"461",1994.69230769231,2,0,0,0,6.05,0,0,0,1.44,70.5,319,0.07,5,129,-1.51,18.5,128,214,27,84.5,40.5,64,93.5,83.5,22.5,127.5
"462",1994.73076923077,1,0,0,0,5.2,0,0,0,7.76,59,305,-0.76,18,184,-7,25,85,142,26,45,10,72,109,80,22.5,127.5
"463",1994.76923076923,0,0,0,0,3,3,3,3,0,0,0,0,0,0,0,0,0,0,0,0,0,0,0,0,22.5,127.5
"464",1994.80769230769,1,0,0,0,5.2,0,0,0,7.8,31,300,1.08,17,40,-8.87,54,156,348,21,-144,224,78,-72,76,22.5,127.5
"465",1994.84615384615,1,1,0,0,5.2,5.6,0,0,5.645,24.5,229.5,0.615,26,68.5,-6.265,50,226.5,295,38.5,51.5,59,68,-28.5,40,22.5,127.5
"466",1994.88461538462,0,0,0,0,3,3,3,3,0,0,0,0,0,0,0,0,0,0,0,0,0,0,0,0,22.5,127.5
"467",1994.92307692308,0,0,0,0,3,3,3,3,0,0,0,0,0,0,0,0,0,0,0,0,0,0,0,0,22.5,127.5
"468",1994.96153846154,1,0,0,0,5.3,0,0,0,1.15,51,303,-0.25,3,37,-0.9,39,129,240,7,113,36,84,87,57,22.5,127.5
"469",1995,0,0,0,0,3,3,3,3,0,0,0,0,0,0,0,0,0,0,0,0,0,0,0,0,22.5,127.5
"470",1995.03846153846,1,1,0,0,5.6,5.1,0,0,4.41,66.5,215.5,0.625,9,222.5,-5.03,21.5,226,151,26.5,109,131.5,67,83.5,75.5,22.5,127.5
"471",1995.07692307692,0,0,0,0,3,3,3,3,0,0,0,0,0,0,0,0,0,0,0,0,0,0,0,0,22.5,127.5
"472",1995.11538461538,0,0,0,0,3,3,3,3,0,0,0,0,0,0,0,0,0,0,0,0,0,0,0,0,22.5,127.5
"473",1995.15384615385,1,1,0,0,6.2,5,0,0,3.19,42.5,204,0.58,14.5,128,-3.77,43.5,232.5,220.5,16,2.5,38.5,84.5,-0.5,73.5,22.5,127.5
"474",1995.19230769231,0,1,0,0,0,5.4,0,0,1.12,21,65,0.48,34,321,-1.6,49,181,197,39,-27,309,73,-125,40,22.5,127.5
"475",1995.23076923077,0,2,0,0,0,5.05,0,0,4.89,70.5,123.5,0.955,7.5,11,-5.845,18,279,178,28.5,75,195,63.5,98.5,66.5,22.5,127.5
"476",1995.26923076923,2,0,0,0,5.45,0,0,0,2.29,54.5,328.5,0.265,8.5,159,-2.555,33.5,161,251,14,93.5,67,79,84.5,58.5,22.5,127.5
"477",1995.30769230769,0,1,0,0,0,5.2,0,0,8.56,52,35,-1.09,35,189,-7.47,13,288,55,45,146,171,67,51,75,22.5,127.5
"478",1995.34615384615,1,1,0,0,5.2,5.2,0,0,7.48,40.5,160,0.74,38.5,173.5,-8.22,16.5,197,126,49,-49.5,177,77,39,81,22.5,127.5
"479",1995.38461538462,1,0,0,0,5,0,0,0,3.7,21,258,1.57,59,28,-5.27,22,160,299,59,-179,209,89,-31,40,22.5,127.5
"480",1995.42307692308,1,2,0,0,5.7,5.8,0,0,4.96333333333333,70,144.333333333333,0.58,13.3333333333333,155,-5.54333333333333,12,247,113,35.6666666666667,112,146,59,74,81.3333333333333,22.5,127.5
"481",1995.46153846154,0,0,0,0,3,3,3,3,0,0,0,0,0,0,0,0,0,0,0,0,0,0,0,0,22.5,127.5
"482",1995.5,3,1,0,0,5.66666666666667,5.2,0,0,4.385,29.75,239.25,-0.16,45.5,208.5,-4.225,21.5,137,145.75,51,14.75,184.5,75.25,85.25,52.75,22.5,127.5
"483",1995.53846153846,0,0,0,0,3,3,3,3,0,0,0,0,0,0,0,0,0,0,0,0,0,0,0,0,22.5,127.5
"484",1995.57692307692,2,0,0,0,5.3,0,0,0,4.155,39,255,0.18,30.5,255.5,-4.33,29,104.5,213,39,-48.5,86,73.5,32,94.5,22.5,127.5
"485",1995.61538461538,0,0,0,0,3,3,3,3,0,0,0,0,0,0,0,0,0,0,0,0,0,0,0,0,22.5,127.5
"486",1995.65384615385,2,0,0,0,5.5,0,0,0,3.035,8,341.5,-0.585,82,155.5,-2.445,2.5,161,71,82.5,90,71.5,86,92.5,72,22.5,127.5
"487",1995.69230769231,0,0,0,0,3,3,3,3,0,0,0,0,0,0,0,0,0,0,0,0,0,0,0,0,22.5,127.5
"488",1995.73076923077,0,0,0,0,3,3,3,3,0,0,0,0,0,0,0,0,0,0,0,0,0,0,0,0,22.5,127.5
"489",1995.76923076923,0,0,0,0,3,3,3,3,0,0,0,0,0,0,0,0,0,0,0,0,0,0,0,0,22.5,127.5
"490",1995.80769230769,12,0,0,0,6.09166666666667,0,0,0,2.455,27.1666666666667,279.416666666667,0.0741666666666667,18.5,144.833333333333,-2.5275,51.25,111.083333333333,133.083333333333,26.25,-59.5,179.416666666667,75.5833333333333,-73.5833333333333,82.75,22.5,127.5
"491",1995.84615384615,3,0,0,0,5.56666666666667,0,0,0,2.69,39.3333333333333,277.666666666667,-0.0166666666666667,9.33333333333333,180,-2.67333333333333,46.6666666666667,80,39,11.3333333333333,-50.3333333333333,179.333333333333,86.3333333333333,-99.3333333333333,90.6666666666667,22.5,127.5
"492",1995.88461538462,0,0,0,0,3,3,3,3,0,0,0,0,0,0,0,0,0,0,0,0,0,0,0,0,22.5,127.5
"493",1995.92307692308,0,0,0,0,3,3,3,3,0,0,0,0,0,0,0,0,0,0,0,0,0,0,0,0,22.5,127.5
"494",1995.96153846154,2,1,0,0,5.2,5.5,0,0,5.95333333333333,63.6666666666667,223.333333333333,0.17,13.3333333333333,146.666666666667,-6.12666666666667,22,181.333333333333,170.333333333333,26.6666666666667,115,84.3333333333333,68.3333333333333,80.3333333333333,90.6666666666667,22.5,127.5
"495",1996,0,0,0,0,3,3,3,3,0,0,0,0,0,0,0,0,0,0,0,0,0,0,0,0,22.5,127.5
"496",1996.03846153846,1,0,0,0,5.1,0,0,0,5.5,10,296,-1.04,42,198,-4.46,47,37,64,51,-31,175,67,-136,62,22.5,127.5
"497",1996.07692307692,0,0,0,0,3,3,3,3,0,0,0,0,0,0,0,0,0,0,0,0,0,0,0,0,22.5,127.5
"498",1996.11538461538,0,1,0,0,0,5.1,0,0,5.22,8,181,0.22,36,86,-5.44,53,281,305,49,-38,63,62,-132,92,22.5,127.5
"499",1996.15384615385,0,0,0,0,3,3,3,3,0,0,0,0,0,0,0,0,0,0,0,0,0,0,0,0,22.5,127.5
"500",1996.19230769231,3,0,0,0,6.13333333333333,0,0,0,4.6,56.6666666666667,318,0.426666666666667,9.66666666666667,63,-5.02666666666667,31.3333333333333,158.666666666667,276.333333333333,16.6666666666667,124.666666666667,60.6666666666667,77,80,85,22.5,127.5
"501",1996.23076923077,0,0,0,0,3,3,3,3,0,0,0,0,0,0,0,0,0,0,0,0,0,0,0,0,22.5,127.5
"502",1996.26923076923,2,0,0,0,5.7,0,0,0,5.03,53,315.5,-0.27,11,61,-4.76,34.5,159,289.5,14.5,139,59,80.5,78.5,83,22.5,127.5
"503",1996.30769230769,1,0,1,0,5.2,0,5.6,0,5.24,18.5,223,-0.6,49.5,147.5,-4.64,31,114.5,262,52,-170,167.5,81.5,-38,71,22.5,127.5
"504",1996.34615384615,1,1,0,0,5.4,5,0,0,2.99,38,192.5,0.01,18.5,240,-2.995,38,130.5,145,40.5,-9,158,56.5,11,99.5,22.5,127.5
"505",1996.38461538462,1,0,0,0,4.6,0,0,0,0.98,38,256,0.04,36,20,-1.02,32,137,283,36,175,17,87,54,92,22.5,127.5
"506",1996.42307692308,2,0,0,0,5.7,0,0,0,4.91,74.5,315,0.215,1.5,135.5,-5.125,15.5,135,225.5,29.5,90,45,60.5,90,83.5,22.5,127.5
"507",1996.46153846154,2,0,0,0,5.35,0,0,0,5.35,12,352,0.11,5.5,172,-5.46,76.5,178.5,82,33.5,-90,262.5,57.5,-89.5,85,22.5,127.5
"508",1996.5,0,0,0,0,3,3,3,3,0,0,0,0,0,0,0,0,0,0,0,0,0,0,0,0,22.5,127.5
"509",1996.53846153846,0,0,0,0,3,3,3,3,0,0,0,0,0,0,0,0,0,0,0,0,0,0,0,0,22.5,127.5
"510",1996.57692307692,0,1,0,0,0,5.4,0,0,1.77,57,21,0,32,207,-1.77,3,116,176,51,46,53,56,130,100,22.5,127.5
"511",1996.61538461538,1,0,0,0,5.6,0,0,0,3.11,52,282,0.63,25,48,-3.74,27,152,286,29,151,42,76,64,66,22.5,127.5
"512",1996.65384615385,0,0,0,0,3,3,3,3,0,0,0,0,0,0,0,0,0,0,0,0,0,0,0,0,22.5,127.5
"513",1996.69230769231,2,2,0,0,6.05,6,0,0,1.3625,64.5,190,0.04,22.5,77,-1.4,10.75,217.5,141.25,41,110.5,119.25,59.75,79.25,80.5,22.5,127.5
"514",1996.73076923077,1,0,0,0,5.6,0,0,0,3.52,6,357,-0.47,10,266,-3.06,78,118,98,40,-74,258,52,-103,73,22.5,127.5
"515",1996.76923076923,0,0,0,0,3,3,3,3,0,0,0,0,0,0,0,0,0,0,0,0,0,0,0,0,22.5,127.5
"516",1996.80769230769,0,0,0,0,3,3,3,3,0,0,0,0,0,0,0,0,0,0,0,0,0,0,0,0,22.5,127.5
"517",1996.84615384615,0,0,0,0,3,3,3,3,0,0,0,0,0,0,0,0,0,0,0,0,0,0,0,0,22.5,127.5
"518",1996.88461538462,2,0,0,0,5.9,0,0,0,8.965,13,166.5,-0.91,52.5,271.5,-8.055,33,66,211.5,56,-164,113,77,-35,81,22.5,127.5
"519",1996.92307692308,1,1,0,0,5.2,5.2,0,0,7.8,31,150.5,-0.14,10,152,-7.66,54.5,175,102,17.5,-53,157,76,11,38.5,22.5,127.5
"520",1996.96153846154,0,0,0,0,3,3,3,3,0,0,0,0,0,0,0,0,0,0,0,0,0,0,0,0,22.5,127.5
"521",1997,0,1,0,0,0,5.2,0,0,7.05,7,146,0.33,0,56,-7.38,83,326,236,38,-90,56,52,-90,91,22.5,127.5
"522",1997.03846153846,1,0,0,0,5.2,0,0,0,8.89,10,191,-3.03,4,281,-5.85,79,34,275,35,-98,104,55,-85,32,22.5,127.5
"523",1997.07692307692,2,2,0,0,6.2,5.8,0,0,4.665,53.75,216,-0.0375,10.25,27.5,-4.625,34,207.25,311.75,15.25,103,119.5,79.5,93.5,79.25,22.5,127.5
"524",1997.11538461538,0,0,0,0,3,3,3,3,0,0,0,0,0,0,0,0,0,0,0,0,0,0,0,0,22.5,127.5
"525",1997.15384615385,0,0,0,0,3,3,3,3,0,0,0,0,0,0,0,0,0,0,0,0,0,0,0,0,22.5,127.5
"526",1997.19230769231,1,0,0,0,5.4,0,0,0,1.41,30,322,0.19,9,57,-1.6,58,162,25,17,-123,239,76,-80,76,22.5,127.5
"527",1997.23076923077,1,0,0,0,5.1,0,0,0,6.84,68,166,-1.83,19,317,-5.01,10,50,162,39,122,304,58,67,46,22.5,127.5
"528",1997.26923076923,1,0,0,0,5.5,0,0,0,1.86,11,346,0.07,3,77,-1.93,78,183,72,34,-96,259,57,-86,93,22.5,127.5
"529",1997.30769230769,4,2,0,0,5.35,5.8,0,0,3.82166666666667,42.3333333333333,275.666666666667,-0.211666666666667,8,177.666666666667,-3.61166666666667,45.8333333333333,193.666666666667,212.5,21.5,5.16666666666667,86.8333333333333,70.3333333333333,-2.83333333333333,63.6666666666667,22.5,127.5
"530",1997.34615384615,1,1,0,0,5.1,5,0,0,3.88,50.5,204.5,1.3,25,72,-5.18,20,156.5,215,33.5,46,265.5,72.5,118.5,46,22.5,127.5
"531",1997.38461538462,0,0,0,0,3,3,3,3,0,0,0,0,0,0,0,0,0,0,0,0,0,0,0,0,22.5,127.5
"532",1997.42307692308,3,3,0,0,5.5,5.8,0,0,1.83166666666667,38,184.833333333333,0.0566666666666667,7.33333333333333,155.166666666667,-1.88833333333333,49.5,200.5,92.8333333333333,28.1666666666667,-32.6666666666667,156,64,-27.6666666666667,78.5,22.5,127.5
"533",1997.46153846154,0,1,0,0,0,5,0,0,3.9,67,18,0.49,14,254,-4.39,18,159,228,29,61,80,65,105,78,22.5,127.5
"534",1997.5,0,2,0,0,0,5.3,0,0,4.765,55,174.5,-0.3,30.5,24,-4.465,11,289.5,349,43,44.5,223,64.5,125,84.5,22.5,127.5
"535",1997.53846153846,1,2,0,0,5.1,5.55,0,0,3.29666666666667,50,121.666666666667,0.12,12.3333333333333,163.333333333333,-3.41,36.6666666666667,189,15.6666666666667,22.3333333333333,64.3333333333333,159.333333333333,72,17,85.3333333333333,22.5,127.5
"536",1997.57692307692,0,0,0,0,3,3,3,3,0,0,0,0,0,0,0,0,0,0,0,0,0,0,0,0,22.5,127.5
"537",1997.61538461538,2,0,0,0,6.1,0,0,0,1.835,70,291,0.11,14.5,155,-1.945,13.5,62,132.5,34,63.5,343.5,60,106.5,79,22.5,127.5
"538",1997.65384615385,1,1,0,0,5.4,5.3,0,0,1.14,34,196.5,0.225,10.5,193,-1.365,52.5,177,103,14,-88.5,279.5,80,-99,72.5,22.5,127.5
"539",1997.69230769231,0,0,0,0,3,3,3,3,0,0,0,0,0,0,0,0,0,0,0,0,0,0,0,0,22.5,127.5
"540",1997.73076923077,0,1,0,0,0,5.5,0,0,2.36,73,84,0.44,9,205,-2.8,14,297,40,32,107,200,60,80,69,22.5,127.5
"541",1997.76923076923,0,0,0,0,3,3,3,3,0,0,0,0,0,0,0,0,0,0,0,0,0,0,0,0,22.5,127.5
"542",1997.80769230769,0,1,0,0,0,5.5,0,0,2.12,24,92,-0.03,19,191,-2.09,59,315,149,27,-135,17,71,-70,97,22.5,127.5
"543",1997.84615384615,0,0,0,0,3,3,3,3,0,0,0,0,0,0,0,0,0,0,0,0,0,0,0,0,22.5,127.5
"544",1997.88461538462,0,0,0,0,3,3,3,3,0,0,0,0,0,0,0,0,0,0,0,0,0,0,0,0,22.5,127.5
"545",1997.92307692308,0,1,0,0,0,5.2,0,0,7.34,57,3,-1.35,24,229,-5.99,21,129,184,32,40,58,70,116,63,22.5,127.5
"546",1997.96153846154,0,0,0,0,3,3,3,3,0,0,0,0,0,0,0,0,0,0,0,0,0,0,0,0,22.5,127.5
"547",1998,0,0,0,0,3,3,3,3,0,0,0,0,0,0,0,0,0,0,0,0,0,0,0,0,22.5,127.5
"548",1998.03846153846,0,0,0,0,3,3,3,3,0,0,0,0,0,0,0,0,0,0,0,0,0,0,0,0,22.5,127.5
"549",1998.07692307692,0,1,0,0,0,5.2,0,0,7.43,27,54,-0.27,56,274,-7.16,19,153,196,57,6,102,85,147,93,22.5,127.5
"550",1998.11538461538,0,0,0,0,3,3,3,3,0,0,0,0,0,0,0,0,0,0,0,0,0,0,0,0,22.5,127.5
"551",1998.15384615385,0,0,0,0,3,3,3,3,0,0,0,0,0,0,0,0,0,0,0,0,0,0,0,0,22.5,127.5
"552",1998.19230769231,2,0,0,0,5.75,0,0,0,5.115,18,272.5,0.085,29,172.5,-5.2,55,29.5,38.5,37,-37,159.5,68.5,-121.5,97,22.5,127.5
"553",1998.23076923077,0,0,0,0,3,3,3,3,0,0,0,0,0,0,0,0,0,0,0,0,0,0,0,0,22.5,127.5
"554",1998.26923076923,0,0,0,0,3,3,3,3,0,0,0,0,0,0,0,0,0,0,0,0,0,0,0,0,22.5,127.5
"555",1998.30769230769,0,0,0,0,3,3,3,3,0,0,0,0,0,0,0,0,0,0,0,0,0,0,0,0,22.5,127.5
"556",1998.34615384615,0,4,0,0,0,6.575,0,0,3.37,32.25,37,0.3375,54.25,196,-3.7075,9.5,245.5,80,60.25,21,191,77.25,74.5,85.5,22.5,127.5
"557",1998.38461538462,3,1,0,0,5.13333333333333,5,0,0,5.9325,43.75,227.5,0.48,44,143,-6.4125,6.25,148.5,159,56.5,112.75,226.75,67.75,66.75,75.5,22.5,127.5
"558",1998.42307692308,0,1,0,0,0,5.2,0,0,0.7,31,6,0.4,58,171,-1.09,7,271,44,63,161,142,73,28,27,22.5,127.5
"559",1998.46153846154,0,1,0,0,0,5.4,0,0,1.66,72,137,-0.16,3,39,-1.5,18,308,33,27,84,220,63,93,81,22.5,127.5
"560",1998.5,1,0,0,0,5.5,0,0,0,1.81,42,309,0.13,38,84,-1.94,24,195,333,40,164,75,80,51,87,22.5,127.5
"561",1998.53846153846,0,2,0,0,0,5.25,0,0,4.51,38.5,66.5,-0.4,37.5,236.5,-4.105,19,210,100.5,47,49.5,230,76.5,-38,81.5,22.5,127.5
"562",1998.57692307692,0,3,0,0,0,5.96666666666667,0,0,2.55,29.3333333333333,46.6666666666667,0.153333333333333,53.6666666666667,242.333333333333,-2.7,9.33333333333333,176.333333333333,117.333333333333,65.6666666666667,29.6666666666667,175,74.3333333333333,30.6666666666667,80.3333333333333,22.5,127.5
"563",1998.61538461538,0,1,0,0,0,5.3,0,0,1.14,33,225,0.15,39,102,-1.29,33,340,13,39,0,283,90,129,77,22.5,127.5
"564",1998.65384615385,0,0,0,0,3,3,3,3,0,0,0,0,0,0,0,0,0,0,0,0,0,0,0,0,22.5,127.5
"565",1998.69230769231,0,1,0,0,0,5.3,0,0,1.04,51,169,0.37,39,353,-1.4,2,261,318,55,40,203,58,138,47,22.5,127.5
"566",1998.73076923077,1,0,0,0,5.2,0,0,0,8.44,66,341,1.17,14,217,-9.61,19,122,190,29,60,44,66,105,76,22.5,127.5
"567",1998.76923076923,0,0,2,0,0,0,6.1,0,1.76,61.5,323.5,0.035,8.5,217,-1.795,27,122.5,191.5,19.5,63.5,39.5,72.5,99.5,96,22.5,127.5
"568",1998.80769230769,0,1,0,0,0,5.3,0,0,1.2,53,158,0.15,16,46,-1.35,32,306,353,19,35,229,79,106,78,22.5,127.5
"569",1998.84615384615,0,1,0,0,0,5.2,0,0,8.67,77,135,0.67,2,38,-9.34,13,308,36,32,87,219,58,92,86,22.5,127.5
"570",1998.88461538462,1,2,0,0,5.3,6.25,0,0,2.60333333333333,22.6666666666667,170.666666666667,-0.406666666666667,60.3333333333333,165,-2.19666666666667,7.66666666666667,199.666666666667,266.666666666667,70.6666666666667,35.6666666666667,133.333333333333,72.3333333333333,-94.6666666666667,75.6666666666667,22.5,127.5
"571",1998.92307692308,0,1,0,0,0,5.3,0,0,1.71,60,39,-0.76,29,233,-0.94,6,140,201,47,48,74,58,125,11,22.5,127.5
"572",1998.96153846154,1,1,0,0,5.2,5.2,0,0,7.78,36.5,162.5,0.23,47,167.5,-8.01,15,182,99,52,112,78.5,78.5,64.5,66,22.5,127.5
"573",1999,0,1,0,0,0,5.1,0,0,5.17,26,97,0.94,18,197,-6.1,58,318,152,25,-137,22,73,-71,69,22.5,127.5
"574",1999.03846153846,0,0,0,0,3,3,3,3,0,0,0,0,0,0,0,0,0,0,0,0,0,0,0,0,22.5,127.5
"575",1999.07692307692,0,0,0,0,3,3,3,3,0,0,0,0,0,0,0,0,0,0,0,0,0,0,0,0,22.5,127.5
"576",1999.11538461538,0,2,0,0,0,5.95,0,0,0.95,72,96,0.195,7.5,211,-1.145,16,303,44,30,105,207,61.5,81.5,69.5,22.5,127.5
"577",1999.15384615385,2,0,0,0,5.85,0,0,0,6.695,63,309.5,0.06,14.5,69.5,-6.755,22.5,165,281,26,124.5,64,69,74.5,81,22.5,127.5
"578",1999.19230769231,0,0,0,0,3,3,3,3,0,0,0,0,0,0,0,0,0,0,0,0,0,0,0,0,22.5,127.5
"579",1999.23076923077,1,0,0,0,5.6,0,0,0,2.96,17,172,-0.45,57,291,-2.51,27,73,215,58,-172,121,83,-32,70,22.5,127.5
"580",1999.26923076923,0,0,0,0,3,3,3,3,0,0,0,0,0,0,0,0,0,0,0,0,0,0,0,0,22.5,127.5
"581",1999.30769230769,0,0,0,0,3,3,3,3,0,0,0,0,0,0,0,0,0,0,0,0,0,0,0,0,22.5,127.5
"582",1999.34615384615,4,0,0,0,5.5,0,0,0,4.9775,30,281,0.6275,15,92.75,-5.605,53.5,88.5,204.5,22.25,-68.25,228.5,78,-35.75,64.5,22.5,127.5
"583",1999.38461538462,0,0,0,0,3,3,3,3,0,0,0,0,0,0,0,0,0,0,0,0,0,0,0,0,22.5,127.5
"584",1999.42307692308,0,2,0,0,0,5.3,0,0,1.385,53,19,-0.23,32,168,-1.16,15,269,36,42,145,153.5,68,54.5,68.5,22.5,127.5
"585",1999.46153846154,0,0,0,0,3,3,3,3,0,0,0,0,0,0,0,0,0,0,0,0,0,0,0,0,22.5,127.5
"586",1999.5,0,0,0,0,3,3,3,3,0,0,0,0,0,0,0,0,0,0,0,0,0,0,0,0,22.5,127.5
"587",1999.53846153846,0,0,0,0,3,3,3,3,0,0,0,0,0,0,0,0,0,0,0,0,0,0,0,0,22.5,127.5
"588",1999.57692307692,0,1,0,0,0,4.9,0,0,3.19,17,3,0.03,7,270,-3.22,71,159,104,29,-75,267,63,-98,98,22.5,127.5
"589",1999.61538461538,0,0,0,0,3,3,3,3,0,0,0,0,0,0,0,0,0,0,0,0,0,0,0,0,22.5,127.5
"590",1999.65384615385,0,2,0,0,0,5.65,0,0,3.53,67.5,138.5,0.145,6.5,127.5,-3.675,21,306,31.5,24.5,83.5,219.5,66.5,94,85.5,22.5,127.5
"591",1999.69230769231,1,0,0,0,5.4,0,0,0,1.48,62,242,-0.07,7,345,-1.41,27,79,186,19,112,343,73,83,91,22.5,127.5
"592",1999.73076923077,2,11,0,0,5.8,6.09090909090909,0,0,5.04538461538462,53.1538461538462,132.692307692308,-0.191538461538462,21.3846153846154,112.769230769231,-4.85461538461538,20.6153846153846,237.461538461538,172.461538461538,35.3846153846154,67.2307692307692,182.230769230769,71.3076923076923,60.1538461538462,74.6153846153846,22.5,127.5
"593",1999.76923076923,1,1,0,0,5.1,5.2,0,0,6.265,53.5,221.5,0.555,8.5,142,-6.825,34,238.5,175,15,123.5,141,80,81.5,67.5,22.5,127.5
"594",1999.80769230769,3,3,0,0,5.33333333333333,5.53333333333333,0,0,4.80833333333333,53.6666666666667,217.333333333333,0.215,24.1666666666667,159.166666666667,-5.025,17.6666666666667,183.5,211,36.5,79.1666666666667,104.166666666667,70.5,108.833333333333,79,22.5,127.5
"595",1999.84615384615,1,3,0,0,6.3,5.53333333333333,0,0,3.1125,49.75,119,0.34,38.75,121.75,-3.4525,6,157,225.75,55.25,51,87.75,65.5,124.5,79.75,22.5,127.5
"596",1999.88461538462,0,0,0,0,3,3,3,3,0,0,0,0,0,0,0,0,0,0,0,0,0,0,0,0,22.5,127.5
"597",1999.92307692308,0,0,0,0,3,3,3,3,0,0,0,0,0,0,0,0,0,0,0,0,0,0,0,0,22.5,127.5
"598",1999.96153846154,0,0,0,0,3,3,3,3,0,0,0,0,0,0,0,0,0,0,0,0,0,0,0,0,22.5,127.5
"599",2000,0,1,0,0,0,5.4,0,0,1.68,48,196,-0.45,20,81,-1.24,34,336,13,22,20,264,83,110,46,22.5,127.5
"600",2000.03846153846,0,0,0,0,3,3,3,3,0,0,0,0,0,0,0,0,0,0,0,0,0,0,0,0,22.5,127.5
"601",2000.07692307692,1,0,0,1,5.9,0,0,6,0.995,28,167,0.23,16,170,-1.235,56.5,181,249.5,22.5,-102,82,74.5,-82.5,62.5,22.5,127.5
"602",2000.11538461538,0,0,0,0,3,3,3,3,0,0,0,0,0,0,0,0,0,0,0,0,0,0,0,0,22.5,127.5
"603",2000.15384615385,0,1,0,0,0,5.2,0,0,9.1,69,11,-1.17,20,210,-7.94,6,118,187,43,60,45,54,115,74,22.5,127.5
"604",2000.19230769231,0,0,0,0,3,3,3,3,0,0,0,0,0,0,0,0,0,0,0,0,0,0,0,0,22.5,127.5
"605",2000.23076923077,0,0,0,0,3,3,3,3,0,0,0,0,0,0,0,0,0,0,0,0,0,0,0,0,22.5,127.5
"606",2000.26923076923,0,0,0,0,3,3,3,3,0,0,0,0,0,0,0,0,0,0,0,0,0,0,0,0,22.5,127.5
"607",2000.30769230769,0,1,0,0,0,5,0,0,3.4,9,0,1.14,54,258,-4.54,35,96,132,59,-20,232,73,-148,50,22.5,127.5
"608",2000.34615384615,0,0,0,0,3,3,3,3,0,0,0,0,0,0,0,0,0,0,0,0,0,0,0,0,22.5,127.5
"609",2000.38461538462,0,1,0,0,0,5.4,0,0,1.64,6,215,-0.08,81,82,-1.57,6,306,351,81,0,81,90,-171,90,22.5,127.5
"610",2000.42307692308,0,0,0,0,3,3,3,3,0,0,0,0,0,0,0,0,0,0,0,0,0,0,0,0,22.5,127.5
"611",2000.46153846154,2,7,0,0,5.9,6.04285714285714,0,0,4.04555555555556,43.3333333333333,170.222222222222,0.121111111111111,15.3333333333333,83.7777777777778,-4.16888888888889,37,254.111111111111,180.333333333333,30.3333333333333,3.33333333333333,189.777777777778,68.3333333333333,44.5555555555556,81.3333333333333,22.5,127.5
"612",2000.5,0,0,0,0,3,3,3,3,0,0,0,0,0,0,0,0,0,0,0,0,0,0,0,0,22.5,127.5
"613",2000.53846153846,2,0,0,0,5.45,0,0,0,1.99,25.5,224.5,-0.135,56,165,-1.855,17.5,118.5,255,58,-8.5,83.5,82,24,85,22.5,127.5
"614",2000.57692307692,1,5,0,0,6.4,5.64,0,0,3.77833333333333,17.8333333333333,70.6666666666667,0.0966666666666667,59,199.333333333333,-3.87333333333333,19.3333333333333,207,173.333333333333,60.1666666666667,-24,198.166666666667,85.8333333333333,5.16666666666667,81,22.5,127.5
"615",2000.61538461538,2,0,0,0,5.55,0,0,0,2.695,22.5,198.5,0.175,56,162,-2.875,20,93,237,57.5,-0.5,235,85,-23,64,22.5,127.5
"616",2000.65384615385,1,0,0,0,5.3,0,0,0,1.33,51,253,-0.41,17,6,-0.92,33,108,246,20,151,3,81,73,38,22.5,127.5
"617",2000.69230769231,0,2,0,0,0,5.8,0,0,5.93,79,69.5,-0.075,10.5,234.5,-5.855,2.5,234,135.5,44,78,151.5,49,100.5,97.5,22.5,127.5
"618",2000.73076923077,1,0,0,0,5.2,0,0,0,8.09,58,332,1.59,8,75,-9.69,31,170,285,16,121,73,76,82,67,22.5,127.5
"619",2000.76923076923,4,1,0,0,5.575,5.2,0,0,3.766,16.8,269.4,0.638,12.4,144.6,-4.402,67,179,136.8,31.2,-98.6,254.4,63.6,-85.8,59.4,22.5,127.5
"620",2000.80769230769,0,0,0,0,3,3,3,3,0,0,0,0,0,0,0,0,0,0,0,0,0,0,0,0,22.5,127.5
"621",2000.84615384615,0,0,0,0,3,3,3,3,0,0,0,0,0,0,0,0,0,0,0,0,0,0,0,0,22.5,127.5
"622",2000.88461538462,1,1,0,0,5.7,5.6,0,0,3.955,58,166.5,-0.185,10.5,143,-3.775,27.5,142,238.5,20,93,58,73.5,99,92,22.5,127.5
"623",2000.92307692308,0,0,0,0,3,3,3,3,0,0,0,0,0,0,0,0,0,0,0,0,0,0,0,0,22.5,127.5
"624",2000.96153846154,1,1,0,0,5.4,5.5,0,0,1.795,68,247.5,0.155,7.5,44.5,-1.955,19,224.5,133.5,26.5,88,138,64.5,95,84,22.5,127.5
"625",2001,0,1,0,0,0,5.3,0,0,1.04,8,224,0.02,60,120,-1.06,29,319,358,64,-16,95,76,-153,96,22.5,127.5
"626",2001.03846153846,0,2,0,0,0,5.45,0,0,1.945,14,30,-0.24,44.5,135,-1.71,41.5,288,77.5,50.5,-157.5,333,73,-42.5,75.5,22.5,127.5
"627",2001.07692307692,0,0,0,0,3,3,3,3,0,0,0,0,0,0,0,0,0,0,0,0,0,0,0,0,22.5,127.5
"628",2001.11538461538,3,0,0,0,5.56666666666667,0,0,0,5.83333333333333,58,308,-0.19,17.6666666666667,106,-5.64333333333333,25,137.666666666667,235.333333333333,25.6666666666667,100,44.3333333333333,72.3333333333333,85.6666666666667,79,22.5,127.5
"629",2001.15384615385,2,2,0,0,5.25,5.1,0,0,4.56,51.75,127.5,-0.36,31,228,-4.2,13.5,139,236.25,42.5,105,130.25,68.75,73.5,68.5,22.5,127.5
"630",2001.19230769231,1,1,0,0,5.5,5.2,0,0,5.54,59,206,0.07,9,23,-5.605,29,203,294,18,90.5,114,74.5,91.5,75.5,22.5,127.5
"631",2001.23076923077,0,2,0,0,0,5.65,0,0,4.64,20,210,-1.025,27.5,109,-3.615,54,332,337.5,34.5,-36,98,71,-119.5,59,22.5,127.5
"632",2001.26923076923,0,0,0,0,3,3,3,3,0,0,0,0,0,0,0,0,0,0,0,0,0,0,0,0,22.5,127.5
"633",2001.30769230769,0,0,0,0,3,3,3,3,0,0,0,0,0,0,0,0,0,0,0,0,0,0,0,0,22.5,127.5
"634",2001.34615384615,0,1,0,0,0,5.4,0,0,1.59,53,161,0.28,19,44,-1.86,31,303,348,22,32,228,78,109,70,22.5,127.5
"635",2001.38461538462,1,1,0,0,5.1,5.1,0,0,5.72,55.5,117,0.125,30.5,121,-5.845,14,123.5,218.5,41,99,28.5,66,82.5,75.5,22.5,127.5
"636",2001.42307692308,0,0,0,0,3,3,3,3,0,0,0,0,0,0,0,0,0,0,0,0,0,0,0,0,22.5,127.5
"637",2001.46153846154,3,4,0,0,5.66666666666667,5.35,0,0,4.04714285714286,34.5714285714286,145.142857142857,-0.512857142857143,38.7142857142857,174.428571428571,-3.53285714285714,25.5714285714286,170.857142857143,108,47.5714285714286,29.7142857142857,189.142857142857,71.1428571428571,-45.2857142857143,73.1428571428571,22.5,127.5
"638",2001.5,1,1,0,0,5.1,5.2,0,0,6.22,43,178.5,0.3,30,240,-6.52,23,135,198.5,37,45,66,79,120.5,91.5,22.5,127.5
"639",2001.53846153846,1,0,0,0,5.3,0,0,0,1.31,51,285,-0.06,12,30,-1.25,37,130,269,14,149,29,83,78,91,22.5,127.5
"640",2001.57692307692,0,0,0,0,3,3,3,3,0,0,0,0,0,0,0,0,0,0,0,0,0,0,0,0,22.5,127.5
"641",2001.61538461538,0,0,0,0,3,3,3,3,0,0,0,0,0,0,0,0,0,0,0,0,0,0,0,0,22.5,127.5
"642",2001.65384615385,0,4,0,0,0,5.6,0,0,4.8425,11.25,42.25,-0.345,14.5,135,-4.4975,70.75,272,115.25,36.5,-114.5,324,58.25,-72.75,78,22.5,127.5
"643",2001.69230769231,1,0,0,0,5,0,0,0,3.33,67,256,0.9,19,41,-4.23,12,135,249,37,124,29,60,67,57,22.5,127.5
"644",2001.73076923077,0,0,0,0,3,3,3,3,0,0,0,0,0,0,0,0,0,0,0,0,0,0,0,0,22.5,127.5
"645",2001.76923076923,0,1,0,0,0,5,0,0,5.75,23,160,-2.43,66,0,-3.31,8,253,298,69,11,204,80,158,15,22.5,127.5
"646",2001.80769230769,0,0,0,0,3,3,3,3,0,0,0,0,0,0,0,0,0,0,0,0,0,0,0,0,22.5,127.5
"647",2001.84615384615,0,2,0,0,0,5.4,0,0,1.71,16,98,0.11,30.5,198,-1.82,54.5,345,151.5,40,-143.5,32.5,67.5,-56.5,88.5,22.5,127.5
"648",2001.88461538462,1,1,0,0,5.1,5.4,0,0,2.98,7.5,206,0.32,29.5,198.5,-3.3,58.5,185.5,315,50,-57,99,62.5,-116.5,82.5,22.5,127.5
"649",2001.92307692308,1,3,0,0,5.6,5.43333333333333,0,0,3.4775,23.5,121.5,-0.1325,17,237.25,-3.3425,52,176,151,45.5,-40.25,234.75,51,-49.25,89.5,22.5,127.5
"650",2001.96153846154,4,0,0,0,6.425,0,0,0,1.6675,29.75,260.25,0.115,17.25,130.5,-1.785,48.25,125.25,261,29.75,-9,274.75,68,13.75,76.25,22.5,127.5
"651",2002,1,3,0,0,4.9,5.13333333333333,0,0,5.3375,14.75,146,0.205,17.75,231.25,-5.5425,65.25,184,170,34.5,-56.5,311.5,62.5,-110.25,81.25,22.5,127.5
"652",2002.03846153846,0,1,0,0,0,5.3,0,0,1.05,7,172,-0.14,16,80,-0.91,72,283,280,41,-65,68,54,-110,73,22.5,127.5
"653",2002.07692307692,1,0,0,0,5.4,0,0,0,1.39,13,331,0.58,70,101,-1.97,14,237,14,70,-179,284,89,-20,41,22.5,127.5
"654",2002.11538461538,2,1,0,0,5.65,5.4,0,0,2.64666666666667,67.6666666666667,221.333333333333,0.11,13.6666666666667,66,-2.76,16,157.666666666667,131.333333333333,31.6666666666667,95.3333333333333,186.666666666667,63,88.3333333333333,92,22.5,127.5
"655",2002.15384615385,0,0,0,0,3,3,3,3,0,0,0,0,0,0,0,0,0,0,0,0,0,0,0,0,22.5,127.5
"656",2002.19230769231,0,1,0,0,0,5.6,0,0,2.84,17,52,0.25,73,230,-3.09,1,322,96,77,168,189,79,13,84,22.5,127.5
"657",2002.23076923077,1,1,0,0,6.4,6.4,0,0,5.31,61.5,173.5,-0.05,10,158,-5.26,25,154,229,23,69.5,71,71,99.5,98,22.5,127.5
"658",2002.26923076923,3,0,0,0,6.5,0,0,0,3.91666666666667,65,296.666666666667,0.113333333333333,14.3333333333333,66.3333333333333,-4.03333333333333,18.6666666666667,161,274.666666666667,29.3333333333333,122,59,65,73.6666666666667,87.6666666666667,22.5,127.5
"659",2002.30769230769,1,0,0,0,5,0,0,0,3.77,77,315,1.32,8,188,-5.09,11,96,176,35,76,13,56,100,48,22.5,127.5
"660",2002.34615384615,1,0,0,0,5.2,0,0,0,6.76,28,255,0.43,3,163,-7.18,61,69,352,17,-81,163,74,-93,88,22.5,127.5
"661",2002.38461538462,0,5,0,0,0,5.82,0,0,2.786,42.8,138.6,-0.046,32.8,68.6,-2.742,18.8,274.6,134.2,46.6,54.8,131.4,70.6,-10.6,79.6,22.5,127.5
"662",2002.42307692308,3,0,0,0,5.7,0,0,0,4.99333333333333,59.3333333333333,323.333333333333,0.65,16,125.333333333333,-5.64333333333333,25,157.333333333333,257.666666666667,24.6666666666667,103.666666666667,63.3333333333333,72,84.6666666666667,76,22.5,127.5
"663",2002.46153846154,1,0,0,0,5.1,0,0,0,6.94,19,350,-0.65,8,258,-6.29,70,147,93,27,-73,254,64,-98,81,22.5,127.5
"664",2002.5,0,0,0,0,3,3,3,3,0,0,0,0,0,0,0,0,0,0,0,0,0,0,0,0,22.5,127.5
"665",2002.53846153846,4,0,0,0,5.375,0,0,0,5.0925,51.75,300.5,0.2025,26,103.5,-5.2975,21.25,96.25,176,34.25,70.25,197.5,73.5,107.25,75.25,22.5,127.5
"666",2002.57692307692,2,1,0,0,5.2,5.1,0,0,7.54666666666667,39.3333333333333,213,0.18,45.3333333333333,172.333333333333,-7.73,14.6666666666667,137.333333333333,101,52,78.6666666666667,172.666666666667,76.3333333333333,99.6666666666667,61.3333333333333,22.5,127.5
"667",2002.61538461538,1,0,0,0,5.1,0,0,0,6.88,50,245,-1.64,8,345,-5.24,39,81,221,10,147,344,85,82,52,22.5,127.5
"668",2002.65384615385,0,2,0,0,0,5.5,0,0,2.435,60.5,203,-0.095,27,45,-2.34,8.5,311,12,43.5,48.5,243.5,59.5,122.5,87.5,22.5,127.5
"669",2002.69230769231,3,0,0,0,5.4,0,0,0,1.69666666666667,56.3333333333333,294.666666666667,-0.0433333333333333,20,58.6666666666667,-1.65,25,158.333333333333,285.333333333333,26.6666666666667,140,52,73.3333333333333,69,90.6666666666667,22.5,127.5
"670",2002.73076923077,1,2,0,0,5.1,5.5,0,0,3.35333333333333,19.3333333333333,135,-0.0433333333333333,19.3333333333333,117.333333333333,-3.31333333333333,58,263.666666666667,186,39,-24.3333333333333,244.333333333333,59.3333333333333,-25.3333333333333,83.3333333333333,22.5,127.5
"671",2002.76923076923,0,1,0,0,0,5,0,0,4.33,6,153,0.29,10,62,-4.62,78,274,254,40,-74,54,52,-103,87,22.5,127.5
"672",2002.80769230769,0,0,0,0,3,3,3,3,0,0,0,0,0,0,0,0,0,0,0,0,0,0,0,0,22.5,127.5
"673",2002.84615384615,2,5,0,0,5.25,5.2,0,0,4.70857142857143,27.8571428571429,128.285714285714,1.07142857142857,13.7142857142857,166.428571428571,-5.78,56.1428571428571,200.428571428571,137,28.4285714285714,-68,217.714285714286,66.5714285714286,-63.4285714285714,69,22.5,127.5
"674",2002.88461538462,0,1,0,0,0,5.1,0,0,6.03,58,142,0.38,10,35,-6.41,30,299,1,18,55,217,75,101,88,22.5,127.5
"675",2002.92307692308,3,0,0,0,5.1,0,0,0,6.17666666666667,26,298.333333333333,0.246666666666667,48.6666666666667,234.666666666667,-6.42333333333333,22,103.666666666667,189,54,-34,77.6666666666667,77.3333333333333,80.3333333333333,90.3333333333333,22.5,127.5
"676",2002.96153846154,0,0,0,0,3,3,3,3,0,0,0,0,0,0,0,0,0,0,0,0,0,0,0,0,22.5,127.5
"677",2003,0,1,0,0,0,5.1,0,0,5.98,61,154,-0.69,19,25,-5.28,21,287,347,30,48,213,68,111,77,22.5,127.5
"678",2003.03846153846,0,3,0,0,0,5.4,0,0,3.59666666666667,65.6666666666667,102.666666666667,0.0833333333333333,12,86.3333333333333,-3.69,17.6666666666667,299.666666666667,40.3333333333333,31.6666666666667,106,202.666666666667,65,80,78.3333333333333,22.5,127.5
"679",2003.07692307692,0,1,0,0,0,5.3,0,0,1.33,18,124,-0.15,16,219,-1.19,65,349,189,30,-124,47,65,-72,77,22.5,127.5
"680",2003.11538461538,0,1,0,0,0,5.1,0,0,5.38,5,27,1.14,76,276,-6.51,13,118,162,77,-6,253,84,-167,65,22.5,127.5
"681",2003.15384615385,0,0,0,0,3,3,3,3,0,0,0,0,0,0,0,0,0,0,0,0,0,0,0,0,22.5,127.5
"682",2003.19230769231,2,0,0,0,5.45,0,0,0,1.855,6,251,0.1,34.5,165.5,-1.955,54.5,148.5,312,51,-135.5,187,61.5,-50.5,72,22.5,127.5
"683",2003.23076923077,0,0,0,0,3,3,3,3,0,0,0,0,0,0,0,0,0,0,0,0,0,0,0,0,22.5,127.5
"684",2003.26923076923,0,1,0,0,0,5.6,0,0,3.47,27,230,0.06,39,116,-3.53,40,344,10,40,-12,110,82,-129,97,22.5,127.5
"685",2003.30769230769,0,0,0,0,3,3,3,3,0,0,0,0,0,0,0,0,0,0,0,0,0,0,0,0,22.5,127.5
"686",2003.34615384615,1,0,0,0,4.9,0,0,0,2.09,13,269,0.81,7,177,-2.89,75,60,8,32,-77,173,58,-98,44,22.5,127.5
"687",2003.38461538462,1,3,0,0,5.2,5.1,0,0,6.6675,45.75,137.75,-0.215,11.5,136.75,-6.455,41.25,232.75,176.75,15.25,-50.75,138.25,81.25,12,57,22.5,127.5
"688",2003.42307692308,0,0,0,0,3,3,3,3,0,0,0,0,0,0,0,0,0,0,0,0,0,0,0,0,22.5,127.5
"689",2003.46153846154,6,2,0,0,5.66666666666667,5.3,0,0,4.0525,48.625,241.75,0.30625,15.25,111,-4.3575,33.125,156.25,199.375,29.75,43.25,155.75,66,45.5,85.25,22.5,127.5
"690",2003.5,0,0,0,0,3,3,3,3,0,0,0,0,0,0,0,0,0,0,0,0,0,0,0,0,22.5,127.5
"691",2003.53846153846,1,3,0,0,5.5,5.5,0,0,1.9975,35.75,212.75,0.27,18.75,178.5,-2.27,40,242.5,81.25,41.25,-9,272.25,56.75,7.5,77.5,22.5,127.5
"692",2003.57692307692,0,0,0,0,3,3,3,3,0,0,0,0,0,0,0,0,0,0,0,0,0,0,0,0,22.5,127.5
"693",2003.61538461538,1,0,0,0,5.2,0,0,0,7.59,59,330,0.44,10,77,-8.03,29,173,289,18,123,75,75,80,89,22.5,127.5
"694",2003.65384615385,2,1,0,0,5.45,5.1,0,0,2.77666666666667,21,218,0.206666666666667,50.6666666666667,140,-2.98,31.3333333333333,176.666666666667,289,51.6666666666667,-118.333333333333,137,83,-82.3333333333333,78,22.5,127.5
"695",2003.69230769231,0,2,0,0,0,5.1,0,0,6.825,42.5,79,-1.495,16,248,-5.325,40.5,234.5,123.5,17.5,56.5,247,87,-16,60,22.5,127.5
"696",2003.73076923077,1,2,0,0,5.7,5.55,0,0,3.19333333333333,54,117,0.0633333333333333,24.6666666666667,234.666666666667,-3.26333333333333,18.6666666666667,222.666666666667,96.6666666666667,40,11.6666666666667,174.666666666667,69.3333333333333,43.6666666666667,95.3333333333333,22.5,127.5
"697",2003.76923076923,0,0,0,0,3,3,3,3,0,0,0,0,0,0,0,0,0,0,0,0,0,0,0,0,22.5,127.5
"698",2003.80769230769,0,0,0,0,3,3,3,3,0,0,0,0,0,0,0,0,0,0,0,0,0,0,0,0,22.5,127.5
"699",2003.84615384615,0,0,0,0,3,3,3,3,0,0,0,0,0,0,0,0,0,0,0,0,0,0,0,0,22.5,127.5
"700",2003.88461538462,0,1,0,0,0,4.9,0,0,2.91,79,41,0.33,10,229,-3.24,1,139,218,45,75,59,47,104,80,22.5,127.5
"701",2003.92307692308,1,0,0,0,5.2,0,0,0,8.6,27,313,1,15,50,-9.5,59,166,11,23,-131,235,73,-75,79,22.5,127.5
"702",2003.96153846154,1,5,0,0,6.8,5.64,0,0,1.57333333333333,62.3333333333333,146,0.0666666666666667,16.5,56.8333333333333,-1.64,15.6666666666667,272.833333333333,177.5,37.5,29.8333333333333,208.166666666667,64.1666666666667,71.5,78.6666666666667,22.5,127.5
"703",2004,4,1,0,0,5.325,5.2,0,0,5.608,31.8,218.6,0.178,51.8,152.4,-5.784,13.6,154.8,126.2,57.2,67.2,149.8,79.2,35,71.6,22.5,127.5
"704",2004.03846153846,2,0,0,0,5.4,0,0,0,1.66,71.5,197,0.34,18.5,9.5,-1.995,2.5,100,208,46,115.5,173.5,50,66,73,22.5,127.5
"705",2004.07692307692,0,0,0,0,3,3,3,3,0,0,0,0,0,0,0,0,0,0,0,0,0,0,0,0,22.5,127.5
"706",2004.11538461538,2,1,0,0,5,5.4,0,0,1.26333333333333,59,187.666666666667,0.326666666666667,8.66666666666667,99.6666666666667,-1.58666666666667,25,146.333333333333,155.333333333333,42.3333333333333,24.6666666666667,221,49.3333333333333,33.3333333333333,51.6666666666667,22.5,127.5
"707",2004.15384615385,1,1,0,0,5.3,5.3,0,0,1.055,64.5,77.5,0.075,25,248,-1.135,2.5,68.5,147.5,49,72.5,169.5,53.5,107.5,85,22.5,127.5
"708",2004.19230769231,0,0,0,0,3,3,3,3,0,0,0,0,0,0,0,0,0,0,0,0,0,0,0,0,22.5,127.5
"709",2004.23076923077,0,0,0,0,3,3,3,3,0,0,0,0,0,0,0,0,0,0,0,0,0,0,0,0,22.5,127.5
"710",2004.26923076923,0,0,0,0,3,3,3,3,0,0,0,0,0,0,0,0,0,0,0,0,0,0,0,0,22.5,127.5
"711",2004.30769230769,0,0,0,0,3,3,3,3,0,0,0,0,0,0,0,0,0,0,0,0,0,0,0,0,22.5,127.5
"712",2004.34615384615,0,1,0,0,0,5.2,0,0,8.11,57,43,-1.62,33,225,-6.49,1,134,195,53,47,73,54,132,60,22.5,127.5
"713",2004.38461538462,3,5,0,0,5.33333333333333,5.66,0,0,2.65625,36.375,163.375,0.1225,31.875,194.875,-2.78125,25.75,193.25,159.125,48.375,3.5,178.875,66.75,42,86.5,22.5,127.5
"714",2004.42307692308,0,2,0,0,0,4.85,0,0,2.385,43.5,82.5,0.325,20.5,239.5,-2.71,33.5,270.5,212,40,-33.5,252,59,24,64.5,22.5,127.5
"715",2004.46153846154,0,0,0,0,3,3,3,3,0,0,0,0,0,0,0,0,0,0,0,0,0,0,0,0,22.5,127.5
"716",2004.5,1,0,0,0,5.2,0,0,0,8.93,52,200,-2.44,28,334,-6.49,23,77,208,33,149,325,74,61,45,22.5,127.5
"717",2004.53846153846,1,0,0,0,5.2,0,0,0,8.6,5,335,-1,4,245,-7.6,83,119,70,40,-84,242,50,-95,77,22.5,127.5
"718",2004.57692307692,0,0,0,0,3,3,3,3,0,0,0,0,0,0,0,0,0,0,0,0,0,0,0,0,22.5,127.5
"719",2004.61538461538,0,0,0,0,3,3,3,3,0,0,0,0,0,0,0,0,0,0,0,0,0,0,0,0,22.5,127.5
"720",2004.65384615385,1,0,0,0,5.3,0,0,0,1.23,65,297,0.1,13,56,-1.33,21,151,264,26,120,50,68,76,85,22.5,127.5
"721",2004.69230769231,0,1,0,0,0,5.2,0,0,6.03,33,25,1.98,30,273,-8.01,43,151,170,30,-11,270,84,-120,51,22.5,127.5
"722",2004.73076923077,1,1,0,0,5.3,5.3,0,0,5.215,62,171,0.225,7.5,239,-5.44,26.5,144.5,196,22,46,61.5,71.5,98.5,94.5,22.5,127.5
"723",2004.76923076923,0,1,0,0,0,5,0,0,3.85,9,154,0.11,72,36,-3.96,16,246,289,72,-5,21,85,-162,94,22.5,127.5
"724",2004.80769230769,1,3,0,0,5.1,6,0,0,4.375,28.5,97.25,0.0125,31,273.5,-4.3825,39.25,197.5,213.5,36.25,-65.25,100,80.5,31.25,88.25,22.5,127.5
"725",2004.84615384615,0,0,0,0,3,3,3,3,0,0,0,0,0,0,0,0,0,0,0,0,0,0,0,0,22.5,127.5
"726",2004.88461538462,6,0,0,0,5.65,0,0,0,3.83166666666667,61.5,305.833333333333,0.163333333333333,17,70.5,-3.99166666666667,21.3333333333333,167.666666666667,286.166666666667,28.6666666666667,129,63.6666666666667,68.6666666666667,71.5,85.1666666666667,22.5,127.5
"727",2004.92307692308,1,0,0,0,4.9,0,0,0,3.02,8,153,0.36,19,246,-3.39,69,40,222,40,-120,79,56,-67,79,22.5,127.5
"728",2004.96153846154,1,0,0,0,5.1,0,0,0,4.62,59,303,0.63,21,72,-5.25,22,171,294,29,136,64,70,68,76,22.5,127.5
"729",2005,2,0,0,0,5.6,0,0,0,3.57,64.5,311,0.195,3.5,214,-3.76,25.5,122.5,205,20,80,35.5,70.5,93.5,89.5,22.5,127.5
"730",2005.03846153846,0,0,0,0,3,3,3,3,0,0,0,0,0,0,0,0,0,0,0,0,0,0,0,0,22.5,127.5
"731",2005.07692307692,0,1,0,0,0,5.2,0,0,8.65,41,27,-1.24,45,179,-7.4,15,284,57,50,158,161,73,42,71,22.5,127.5
"732",2005.11538461538,1,0,0,0,5,0,0,0,3.64,65,341,0.45,4,78,-4.1,25,170,268,20,100,77,70,86,78,22.5,127.5
"733",2005.15384615385,1,0,0,0,5.4,0,0,0,1.35,17,202,0.39,64,331,-1.74,19,106,244,64,-178,154,89,-26,55,22.5,127.5
"734",2005.19230769231,3,1,0,0,5.43333333333333,5.7,0,0,4.5525,6.5,265,-0.715,35.75,45.25,-3.8375,52.5,214.5,156,52,-122.75,193.5,63,-61,65.75,22.5,127.5
"735",2005.23076923077,0,0,0,0,3,3,3,3,0,0,0,0,0,0,0,0,0,0,0,0,0,0,0,0,22.5,127.5
"736",2005.26923076923,0,0,0,0,3,3,3,3,0,0,0,0,0,0,0,0,0,0,0,0,0,0,0,0,22.5,127.5
"737",2005.30769230769,0,0,0,0,3,3,3,3,0,0,0,0,0,0,0,0,0,0,0,0,0,0,0,0,22.5,127.5
"738",2005.34615384615,1,0,0,0,5.3,0,0,0,0.99,45,359,0.1,20,247,-1.08,39,141,167,20,9,69,87,110,81,22.5,127.5
"739",2005.38461538462,0,0,0,0,3,3,3,3,0,0,0,0,0,0,0,0,0,0,0,0,0,0,0,0,22.5,127.5
"740",2005.42307692308,0,2,0,0,0,5.4,0,0,1.35,65.5,49,0.375,17.5,183,-1.725,16.5,278,33,32.5,125,174,64,70,57,22.5,127.5
"741",2005.46153846154,3,0,0,0,5.03333333333333,0,0,0,2.17333333333333,66,314.333333333333,-0.113333333333333,4,104.666666666667,-2.06,23.6666666666667,137,237.333333333333,21.6666666666667,102.333333333333,45,69,87.3333333333333,82.6666666666667,22.5,127.5
"742",2005.5,0,0,0,0,3,3,3,3,0,0,0,0,0,0,0,0,0,0,0,0,0,0,0,0,22.5,127.5
"743",2005.53846153846,0,0,0,0,3,3,3,3,0,0,0,0,0,0,0,0,0,0,0,0,0,0,0,0,22.5,127.5
"744",2005.57692307692,0,1,0,0,0,5.2,0,0,9.81,10,6,-1.03,77,220,-8.78,7,97,141,78,2,51,88,168,79,22.5,127.5
"745",2005.61538461538,1,1,0,0,4.8,4.9,0,0,2.185,10.5,209,0.535,33.5,125,-2.715,53,282,85,45.5,-141,145.5,64,-51,58.5,22.5,127.5
"746",2005.65384615385,0,1,0,0,0,4.7,0,0,1.17,11,139,0.1,14,47,-1.26,72,265,247,36,-65,37,57,-107,84,22.5,127.5
"747",2005.69230769231,2,2,0,0,5.75,5.2,0,0,6.165,45.5,217.25,0.085,15.75,130,-6.255,36.5,237,166.25,25.75,34.25,89.5,73.25,52.25,76.5,22.5,127.5
"748",2005.73076923077,2,1,0,0,4.95,5.1,0,0,5.01333333333333,61,238.333333333333,0.596666666666667,14,41,-5.60666666666667,22,186.666666666667,264,29.3333333333333,74.6666666666667,97,69.3333333333333,88.6666666666667,84.3333333333333,22.5,127.5
"749",2005.76923076923,1,0,0,0,4.7,0,0,0,1.28,71,316,0.21,14,95,-1.5,12,188,295,35,115,86,58,73,72,22.5,127.5
"750",2005.80769230769,2,2,0,0,6.4,4.9,0,0,3.3325,22.75,189.5,1.435,19.25,158.5,-4.7675,57.75,216.5,244.25,34.5,40.5,114,70.25,-12.5,53.75,22.5,127.5
"751",2005.84615384615,0,0,0,0,3,3,3,3,0,0,0,0,0,0,0,0,0,0,0,0,0,0,0,0,22.5,127.5
"752",2005.88461538462,1,0,0,0,4.7,0,0,0,1.59,78,317,-0.28,8,85,-1.3,9,177,276,36,103,80,55,81,65,22.5,127.5
"753",2005.92307692308,7,0,0,0,5.17142857142857,0,0,0,2.83571428571429,65,300,0.0671428571428571,15,163.142857142857,-2.90142857142857,14.8571428571429,125.285714285714,214.857142857143,35.4285714285714,91.5714285714286,32.8571428571429,63.8571428571429,85.5714285714286,78,22.5,127.5
"754",2005.96153846154,1,1,0,0,4.9,4.9,0,0,2.835,10,103.5,-0.37,0.5,103.5,-2.465,80,102.5,194,35,-89.5,193.5,55,-90,75,22.5,127.5
"755",2006,0,0,0,0,3,3,3,3,0,0,0,0,0,0,0,0,0,0,0,0,0,0,0,0,22.5,127.5
"756",2006.03846153846,0,0,0,0,3,3,3,3,0,0,0,0,0,0,0,0,0,0,0,0,0,0,0,0,22.5,127.5
"757",2006.07692307692,3,0,0,0,4.8,0,0,0,1.99,71,324.333333333333,0.313333333333333,9,79.3333333333333,-2.3,15.6666666666667,172.333333333333,276.666666666667,30.6666666666667,109.333333333333,74.6666666666667,62,79.6666666666667,76,22.5,127.5
"758",2006.11538461538,0,0,0,0,3,3,3,3,0,0,0,0,0,0,0,0,0,0,0,0,0,0,0,0,22.5,127.5
"759",2006.15384615385,1,0,0,0,4.8,0,0,0,2.29,4,359,-0.32,6,90,-1.96,82,234,82,41,-100,275,50,-82,72,22.5,127.5
"760",2006.19230769231,0,0,0,0,3,3,3,3,0,0,0,0,0,0,0,0,0,0,0,0,0,0,0,0,22.5,127.5
"761",2006.23076923077,0,0,0,0,3,3,3,3,0,0,0,0,0,0,0,0,0,0,0,0,0,0,0,0,22.5,127.5
"762",2006.26923076923,1,3,0,0,4.9,5.7,0,0,2.4775,21,142.25,0.0125,60,172.5,-2.4875,14,190.75,167,65.5,44.25,166.5,74.5,41.25,75.25,22.5,127.5
"763",2006.30769230769,2,3,0,0,5.45,5.3,0,0,5.824,58,141,0.314,14,97,-6.136,21,202,237,41.6,50,205.4,52,55.8,89.8,22.5,127.5
"764",2006.34615384615,1,3,0,0,5.2,5.33333333333333,0,0,2.8675,36.25,108.75,0.625,17,144.5,-3.49,43,218.75,186.75,34.25,-6.5,197.75,61.75,10.75,80.5,22.5,127.5
"765",2006.38461538462,1,1,0,0,4.9,5,0,0,3.23,11,173.5,0.375,11,171.5,-3.605,74,184.5,89.5,35.5,-82,262,57,-92,80.5,22.5,127.5
"766",2006.42307692308,1,4,0,0,4.8,5.275,0,0,2.99,61.8,113,-0.154,21.2,207.6,-2.836,9.4,189.2,124.2,44.4,69.6,109.8,63.2,109.8,76.8,22.5,127.5
"767",2006.46153846154,3,2,0,0,4.96666666666667,4.85,0,0,3.454,10.8,214.4,0.058,23.2,123.2,-3.51,63.2,219.4,153.4,42.4,-99.2,130.8,60.6,-81.2,76.2,22.5,127.5
"768",2006.5,3,1,0,0,4.8,4.7,0,0,1.9425,37,175.5,0.0475,51.75,170.25,-1.99,5,125,227,62.75,107.75,294.25,71,72.75,72.5,22.5,127.5
"769",2006.53846153846,0,0,0,0,3,3,3,3,0,0,0,0,0,0,0,0,0,0,0,0,0,0,0,0,22.5,127.5
"770",2006.57692307692,2,1,0,0,5.85,5.1,0,0,6.67666666666667,62.3333333333333,217,0.46,18.6666666666667,106,-7.13333333333333,18.6666666666667,202,197.666666666667,31.3333333333333,126,97.6666666666667,66.3333333333333,70,87.6666666666667,22.5,127.5
"771",2006.61538461538,2,1,0,0,5.45,5.2,0,0,3.5,61.6666666666667,278.333333333333,0.156666666666667,18.3333333333333,153.333333333333,-3.66,16,179,249.333333333333,34.6666666666667,60.3333333333333,103.333333333333,65.3333333333333,110.666666666667,92.6666666666667,22.5,127.5
"772",2006.65384615385,2,0,0,0,5.4,0,0,0,1.575,49.5,355.5,0.045,8,256,-1.625,39,160,202,9.5,35.5,77,84.5,98,92.5,22.5,127.5
"773",2006.69230769231,1,1,0,0,5.5,5.5,0,0,2.35,70.5,286.5,0.17,12,142.5,-2.52,12,230.5,124.5,35,67.5,151,58,105,86.5,22.5,127.5
"774",2006.73076923077,0,0,0,0,3,3,3,3,0,0,0,0,0,0,0,0,0,0,0,0,0,0,0,0,22.5,127.5
"775",2006.76923076923,0,0,0,0,3,3,3,3,0,0,0,0,0,0,0,0,0,0,0,0,0,0,0,0,22.5,127.5
"776",2006.80769230769,3,3,0,0,5.7,5.43333333333333,0,0,4.66,27.3333333333333,178.5,0.47,12.8333333333333,130,-5.13333333333333,57.1666666666667,180.166666666667,242.333333333333,31.1666666666667,-5.33333333333333,215.833333333333,64,-41.6666666666667,81.1666666666667,22.5,127.5
"777",2006.84615384615,1,0,0,0,4.9,0,0,0,2.92,6,340,0.09,12,71,-3.01,76,224,56,40,-109,261,52,-74,94,22.5,127.5
"778",2006.88461538462,3,1,0,0,5.86666666666667,5.2,0,0,2.9925,47.75,257,0.4175,12.25,164.5,-3.41,37,183.5,208,30.25,42.5,121.5,63.75,47.75,84.5,22.5,127.5
"779",2006.92307692308,1,0,0,0,4.9,0,0,0,2.66,71,317,0.35,6,66,-3.01,18,158,259,28,104,63,63,83,77,22.5,127.5
"780",2006.96153846154,3,0,0,0,5.43333333333333,0,0,0,3.89333333333333,67,334.666666666667,0.293333333333333,9,224.666666666667,-4.18666666666667,20,130.666666666667,205.333333333333,26.6666666666667,69,48.3333333333333,66,100,86.3333333333333,22.5,127.5
"781",2007,2,4,0,0,5.55,6.525,0,0,3.71666666666667,22,143.833333333333,-0.0833333333333333,37,267,-3.63666666666667,39,143,153.833333333333,44.1666666666667,-23.6666666666667,176.333333333333,77,19.1666666666667,82.6666666666667,22.5,127.5
"782",2007.03846153846,0,0,0,0,3,3,3,3,0,0,0,0,0,0,0,0,0,0,0,0,0,0,0,0,22.5,127.5
"783",2007.07692307692,2,1,0,0,5.6,6,0,0,3.94333333333333,20.3333333333333,180,0.0133333333333333,60.6666666666667,188.666666666667,-3.95333333333333,13,192.666666666667,209.666666666667,62.6666666666667,50.3333333333333,127.666666666667,83,24.3333333333333,94.6666666666667,22.5,127.5
"784",2007.11538461538,0,2,0,0,0,4.85,0,0,2.55,10,19,0.21,16.5,199.5,-2.755,70,184,113,38.5,-84,285,57,-97,82.5,22.5,127.5
"785",2007.15384615385,1,0,0,0,5.3,0,0,0,1.04,5,319,-0.1,2,229,-0.94,84,115,52,40,-86,227,50,-93,81,22.5,127.5
"786",2007.19230769231,1,2,0,0,5.1,5.25,0,0,3.98666666666667,49.3333333333333,135.333333333333,0.183333333333333,31.3333333333333,138.333333333333,-4.17333333333333,17.3333333333333,247,244.666666666667,43,17.3333333333333,196,72,44,88.3333333333333,22.5,127.5
"787",2007.23076923077,0,0,0,0,3,3,3,3,0,0,0,0,0,0,0,0,0,0,0,0,0,0,0,0,22.5,127.5
"788",2007.26923076923,0,0,0,0,3,3,3,3,0,0,0,0,0,0,0,0,0,0,0,0,0,0,0,0,22.5,127.5
"789",2007.30769230769,13,4,0,0,5.73076923076923,5.2,0,0,2.77470588235294,17.4705882352941,222.823529411765,-0.220588235294118,36.8235294117647,194.529411764706,-2.55411764705882,39,131.117647058824,193.823529411765,53,-60.5882352941176,122,65.5294117647059,-55.5882352941176,65.7058823529412,22.5,127.5
"790",2007.34615384615,2,1,0,0,5.45,5.2,0,0,4.31,52,179.333333333333,0.146666666666667,18,322,-4.45666666666667,30.6666666666667,119,243,23,130,265.333333333333,78.3333333333333,87.6666666666667,57.3333333333333,22.5,127.5
"791",2007.38461538462,1,0,0,0,4.8,0,0,0,1.46,88,269,0.62,2,47,-2.09,2,137,229,43,93,46,47,88,41,22.5,127.5
"792",2007.42307692308,0,0,0,0,3,3,3,3,0,0,0,0,0,0,0,0,0,0,0,0,0,0,0,0,22.5,127.5
"793",2007.46153846154,0,0,0,0,3,3,3,3,0,0,0,0,0,0,0,0,0,0,0,0,0,0,0,0,22.5,127.5
"794",2007.5,0,1,0,0,0,5.1,0,0,4.96,0,188,0.6,69,97,-5.57,21,278,321,75,-15,55,75,-165,78,22.5,127.5
"795",2007.53846153846,1,0,0,0,4.8,0,0,0,1.96,0,311,-0.28,85,217,-1.68,5,41,86,86,-3,176,87,-176,71,22.5,127.5
"796",2007.57692307692,0,2,0,0,0,5.05,0,0,1.82,57,73.5,0.235,26.5,120.5,-2.055,7.5,209,99,47.5,58,138,62.5,120.5,69,22.5,127.5
"797",2007.61538461538,7,0,0,0,5.55714285714286,0,0,0,4.95857142857143,27.4285714285714,320.142857142857,-0.18,56.1428571428571,160.571428571429,-4.77857142857143,11,145.857142857143,86.5714285714286,64,-3.71428571428571,154,79.1428571428571,-24.1428571428571,72.2857142857143,22.5,127.5
"798",2007.65384615385,2,0,0,0,5.15,0,0,0,2.425,71.5,295.5,-0.105,11,267.5,-2.325,12,85.5,164.5,35.5,74.5,183.5,58.5,101.5,87,22.5,127.5
"799",2007.69230769231,1,0,0,0,6.2,0,0,0,2.78,81,314,0.31,4,200,-3.09,8,109,195,37,84,22,53,94,80,22.5,127.5
"800",2007.73076923077,1,1,0,0,5.1,5.3,0,0,2.9,78,212.5,0.175,2,36,-3.065,12,216,126.5,33,90.5,125.5,57,89.5,86,22.5,127.5
"801",2007.76923076923,0,0,0,0,3,3,3,3,0,0,0,0,0,0,0,0,0,0,0,0,0,0,0,0,22.5,127.5
"802",2007.80769230769,3,1,0,0,5.23333333333333,5,0,0,2.6125,48,234.25,0.11,28.25,83.5,-2.725,18.75,176.75,163.75,38,86.5,208.25,72.25,20.5,89.5,22.5,127.5
"803",2007.84615384615,1,0,0,0,4.9,0,0,0,2.71,50,348,0.22,28,220,-2.92,27,115,159,31,25,47,77,118,85,22.5,127.5
"804",2007.88461538462,0,1,0,0,0,5.2,0,0,7.05,4,221,0.68,50,126,-7.73,39,314,350,60,-28,94,66,-147,82,22.5,127.5
"805",2007.92307692308,0,3,0,0,0,5,0,0,3.59333333333333,36.3333333333333,71.3333333333333,0.723333333333333,26.3333333333333,201,-4.31,30.6666666666667,201.666666666667,214.333333333333,41.6666666666667,-9,131.333333333333,68,-49.6666666666667,69.6666666666667,22.5,127.5
"806",2007.96153846154,0,0,0,0,3,3,3,3,0,0,0,0,0,0,0,0,0,0,0,0,0,0,0,0,22.5,127.5
"807",2008,0,1,0,0,0,5.2,0,0,7.06,23,198,1.72,29,95,-8.78,52,320,329,34,-31,85,73,-120,61,22.5,127.5
"808",2008.03846153846,0,2,0,0,0,5.65,0,0,4.06,16.5,214,-0.27,65.5,75.5,-3.79,14.5,308,304,72.5,76,218,76.5,-72.5,89.5,22.5,127.5
"809",2008.07692307692,0,0,0,0,3,3,3,3,0,0,0,0,0,0,0,0,0,0,0,0,0,0,0,0,22.5,127.5
"810",2008.11538461538,1,0,0,0,5.1,0,0,0,5.81,38,204,0.83,42,339,-6.64,24,93,232,43,168,332,82,48,75,22.5,127.5
"811",2008.15384615385,2,1,0,0,5.3,5.2,0,0,5.19666666666667,30,173.666666666667,1.26666666666667,11.3333333333333,166.666666666667,-6.46333333333333,53,164.666666666667,175.666666666667,48,-16.3333333333333,214.333333333333,45.3333333333333,-46.3333333333333,65,22.5,127.5
"812",2008.19230769231,1,3,0,0,4.9,5.66666666666667,0,0,4.2825,70.75,162.75,0.3575,11.25,83.75,-4.6375,14,263.75,87,32.5,94.75,171.25,60.5,86,76.5,22.5,127.5
"813",2008.23076923077,0,0,0,0,3,3,3,3,0,0,0,0,0,0,0,0,0,0,0,0,0,0,0,0,22.5,127.5
"814",2008.26923076923,0,8,0,0,0,5.4125,0,0,3.7025,25,85.625,0.0325,60.75,160.125,-3.735,8.875,211.125,225.625,64.75,36.125,169.375,80,90.375,75.25,22.5,127.5
"815",2008.30769230769,3,1,0,0,5,5,0,0,4.245,41.5,265.5,-0.29,11.25,213.5,-3.955,43.5,164.5,265,29.5,7.25,77.5,65.25,-4.25,80.75,22.5,127.5
"816",2008.34615384615,2,5,0,0,5.15,5.32,0,0,4.04428571428571,22.4285714285714,92.8571428571429,0.505714285714286,45,126.285714285714,-4.55142857142857,27.7142857142857,196.714285714286,189.714285714286,57.1428571428571,-32.2857142857143,236.428571428571,70,4,77.7142857142857,22.5,127.5
"817",2008.38461538462,4,1,0,0,5.4,5.2,0,0,4.612,54,230.6,0.114,22.8,84.4,-4.732,24.2,137.6,193.6,40.2,88.4,236.6,65.2,102.8,85.4,22.5,127.5
"818",2008.42307692308,1,2,0,0,4.8,5.6,0,0,2.63666666666667,48.6666666666667,206.333333333333,0.61,10.6666666666667,32,-3.25,37.6666666666667,242,131.333333333333,30.3333333333333,6.66666666666667,216.666666666667,63.3333333333333,42,67,22.5,127.5
"819",2008.46153846154,0,1,0,0,0,4.9,0,0,2.99,69,14,0.28,17,228,-3.26,11,134,203,38,61,59,58,111,83,22.5,127.5
"820",2008.5,0,0,0,0,3,3,3,3,0,0,0,0,0,0,0,0,0,0,0,0,0,0,0,0,22.5,127.5
"821",2008.53846153846,6,4,0,0,5.61666666666667,5.525,0,0,2.409,40.4,222,0.495,37.7,166,-2.902,17.5,169.3,190.4,58.2,50.1,241.2,64,17.5,64.1,22.5,127.5
"822",2008.57692307692,0,0,0,0,3,3,3,3,0,0,0,0,0,0,0,0,0,0,0,0,0,0,0,0,22.5,127.5
"823",2008.61538461538,4,1,0,0,5.2,5,0,0,4.942,37.8,262.2,-0.042,35.8,149,-4.908,23.8,194.8,96.2,43.6,-3,154.8,79,41,84.6,22.5,127.5
"824",2008.65384615385,0,0,0,0,3,3,3,3,0,0,0,0,0,0,0,0,0,0,0,0,0,0,0,0,22.5,127.5
"825",2008.69230769231,0,1,0,0,0,5.5,0,0,1.75,8,90,0.29,56,348,-2.04,32,185,222,62,-19,321,74,-150,72,22.5,127.5
"826",2008.73076923077,1,0,0,0,5.3,0,0,0,1.07,75,350,0.07,9,225,-1.14,12,133,212,34,74,50,57,100,88,22.5,127.5
"827",2008.76923076923,0,1,0,0,0,4.9,0,0,3.13,38,151,0.42,6,56,-3.55,52,319,275,9,-51,55,83,-96,76,22.5,127.5
"828",2008.80769230769,0,0,0,0,3,3,3,3,0,0,0,0,0,0,0,0,0,0,0,0,0,0,0,0,22.5,127.5
"829",2008.84615384615,0,1,0,0,0,5,0,0,4.45,79,90,0.14,5,205,-4.59,10,296,31,35,98,201,56,84,94,22.5,127.5
"830",2008.88461538462,0,0,0,0,3,3,3,3,0,0,0,0,0,0,0,0,0,0,0,0,0,0,0,0,22.5,127.5
"831",2008.92307692308,2,0,0,0,5.2,0,0,0,3.45,77,250,0.045,10,27.5,-3.49,6,118,127,46.5,102,112.5,46,80.5,87,22.5,127.5
"832",2008.96153846154,1,1,0,0,5.2,5,0,0,5.675,54.5,157.5,0.935,14.5,102,-6.61,29,200.5,171.5,25.5,-18.5,186.5,71,-5,70,22.5,127.5
